index,Name,Category,Phone,Avg_review,Reviews,Maps_url
0,CMR Central Mall,Outlet mall,076709 01543,4.3,"62,971",https://www.google.com/maps/place/CMR+Central+Mall/data=!4m7!3m6!1s0x3a3943489108d207:0xc5c280024dd34818!8m2!3d17.7340891!4d83.3183981!16s%2Fg%2F1hhhmr7vy!19sChIJB9IIkUhDOToRGEjTTQKAwsU?authuser=0&hl=en&rclk=1
1,PVP Square,Shopping mall,0866 249 8111,4.3,"65,599",https://www.google.com/maps/place/PVP+Square/data=!4m7!3m6!1s0x3a35faaff2c857b3:0xf4c62e93c4842a9b!8m2!3d16.5024438!4d80.6426619!16s%2Fg%2F1v8y2gc_!19sChIJs1fI8q_6NToRmyqExJMuxvQ?authuser=0&hl=en&rclk=1
2,MGB Felicity Mall,Shopping mall,080191 92255,4.6,"51,714",https://www.google.com/maps/place/MGB+Felicity+Mall/data=!4m7!3m6!1s0x3a4cf3275d36ddeb:0xaaacfe8c80f45ed1!8m2!3d14.4321736!4d79.9666998!16s%2Fg%2F1hc17dlgw!19sChIJ6902XSfzTDoR0V70gIzrKo?authuser=0&hl=en&rclk=1
3,Trendset Mall,Shopping mall,0866 665 6658,4.2,"35,942",https://www.google.com/maps/place/Trendset+Mall/data=!4m7!3m6!1s0x3a35fadd708c3b19:0xb31437547cd84d43!8m2!3d16.4985518!4d80.6534651!16s%2Fg%2F11c52047kj!19sChIJGTuMcN36NToRQ03YfFQ3FLM?authuser=0&hl=en&rclk=1
4,CMR Shopping Mall,Shopping mall,091333 87124,4.7,"6,099",https://www.google.com/maps/place/CMR+Shopping+Mall/data=!4m7!3m6!1s0x3a35fb4537786657:0xbce4687083b17f26!8m2!3d16.5019475!4d80.6418282!16s%2Fg%2F11tn0ppbgd!19sChIJV2Z4N0X7NToRJnxg3Bo5Lw?authuser=0&hl=en&rclk=1
5,CMR Shopping Mall,Shopping mall,076709 01457,4.6,"17,324",https://www.google.com/maps/place/CMR+Shopping+Mall/data=!4m7!3m6!1s0x3a37a3bc25928ff5:0x2f75023c1fbc73ff!8m2!3d17.006238!4d81.7707532!16s%2Fg%2F11f_j2trc3!19sChIJ9YSJbyjNzoR_3O8HzwCdS8?authuser=0&hl=en&rclk=1
6,82Â° EAST SRMT Mall & Multiplex,Shopping mall,0884 668 8001,4.4,"21,988",https://www.google.com/maps/place/82%C2%B0+EAST+SRMT+Mall+%26+Multiplex/data=!4m7!3m6!1s0x3a38284c8b52090b:0x2e9eb38f426242f3!8m2!3d16.9980745!4d82.2436801!16s%2Fg%2F11dx9372rk!19sChIJCwlSi0woODoR80JiQozni4?authuser=0&hl=en&rclk=1
7,Ravi Priya Mall & Multiplex,Shopping mall,088030 00666,3.9,"7,749",https://www.google.com/maps/place/Ravi+Priya+Mall+%26+Multiplex/data=!4m7!3m6!1s0x3a4b01ae1001ec8f:0x426588bd765da08c!8m2!3d15.5198706!4d80.0473396!16s%2Fg%2F11f01c3lfb!19sChIJjwBEK4BSzoRjKBddr2IZUI?authuser=0&hl=en&rclk=1
8,TGV Anantha City Square Mall Kurnool,Shopping mall,063038 01585,4.3,"4,958",https://www.google.com/maps/place/TGV+Anantha+City+Square+Mall+Kurnool/data=!4m7!3m6!1s0x3bb5e781f2d7dec7:0x28cdc776d277f36d!8m2!3d15.826733!4d78.0352714!16s%2Fg%2F11h_zryv3k!19sChIJx97X8oHntTsRbfN30nbHzSg?authuser=0&hl=en&rclk=1
9,Sri Vamsi Shopping Mall | Vizag,Shopping mall,0891 669 8888,3.9,"2,079",https://www.google.com/maps/place/Sri+Vamsi+Shopping+Mall+%7C+Vizag/data=!4m7!3m6!1s0x3a394318414610d3:0xcfab6ea76dbf4340!8m2!3d17.7187764!4d83.3030529!16s%2Fg%2F11b62z71_z!19sChIJ0xBGQRhDOToRQEO_baduq88?authuser=0&hl=en&rclk=1
10,CMR Shopping Mall,Shopping mall,076709 00577,4.7,"3,375",https://www.google.com/maps/place/CMR+Shopping+Mall/data=!4m7!3m6!1s0x3a4b01d8d808a681:0x1d60c0957952dab4!8m2!3d15.5109014!4d80.044673!16s%2Fg%2F11rmrxdvvm!19sChIJgaYI2NgBSzoRtNpSeZXAYB0?authuser=0&hl=en&rclk=1
11,South India Shopping Mall Textile & Jewellery  Vizianagaram,Outlet mall,077999 65656,4.7,"5,892",https://www.google.com/maps/place/South+India+Shopping+Mall+Textile+%26+Jewellery++Vizianagaram/data=!4m7!3m6!1s0x3a3be5e37d621d6b:0x23709c134e2306f5!8m2!3d18.1177557!4d83.4151267!16s%2Fg%2F11sbhmrpg9!19sChIJax1ifePlOzoR9QYjThOccCM?authuser=0&hl=en&rclk=1
12,CMR Shopping Mall,Shopping mall,076709 00956,4.2,"9,443",https://www.google.com/maps/place/CMR+Shopping+Mall/data=!4m7!3m6!1s0x3a394319f78b3af3:0xde59e890f8d7f7cb!8m2!3d17.7147882!4d83.3037224!16s%2Fg%2F1tglxdfr!19sChIJ8zqL9xlDOToRy_fXJDoWd4?authuser=0&hl=en&rclk=1
13,Reliance Centro,Shopping mall,1800 891 0001,4.1,"11,025",https://www.google.com/maps/place/Reliance+Centro/data=!4m7!3m6!1s0x3a39433a2df6e213:0x95c8a6bfaf39bdba!8m2!3d17.708916!4d83.3002264!16s%2Fg%2F11twdllc90!19sChIJEL2LTpDOToRur05r7myJU?authuser=0&hl=en&rclk=1
14,Subham Grand  Eluru,General store,090599 85041,4.7,"7,733",https://www.google.com/maps/place/Subham+Grand++Eluru/data=!4m7!3m6!1s0x3a3614cfd8d8e1df:0x9acd06ba30811d06!8m2!3d16.7133562!4d81.1152124!16s%2Fg%2F11bbrg2cd3!19sChIJ3HY2M8UNjoRBh2BMLoGzZo?authuser=0&hl=en&rclk=1
15,Coastal City center,Shopping mall,095020 49995,4.2,"3,860",https://www.google.com/maps/place/Coastal+City+center/data=!4m7!3m6!1s0x3a37d2ab114d7d47:0xb6c22ae065402b92!8m2!3d16.5469937!4d81.5176776!16s%2Fg%2F11h6yqj6yy!19sChIJR31NEavSNzoRkitAZeAqwrY?authuser=0&hl=en&rclk=1
16,LEPL Centro,Shopping mall,0866 247 5777,4.2,"13,496",https://www.google.com/maps/place/LEPL+Centro/data=!4m7!3m6!1s0x3a35fababdaea9d1:0x4e50682569659d35!8m2!3d16.4998245!4d80.6456146!16s%2Fg%2F1263t5ygf!19sChIJ0amuvbr6NToRNZ1laSVoUE4?authuser=0&hl=en&rclk=1
17,Swathi Shopping Mall  Ongole,Outlet mall,076878 99899,4.9,"3,517",https://www.google.com/maps/place/Swathi+Shopping+Mall++Ongole/data=!4m7!3m6!1s0x3a4b01f34ab5a1d7:0x6f0fb886a9bd02ce!8m2!3d15.5103164!4d80.0457971!16s%2Fg%2F11sbfkd_yw!19sChIJ16G1SvMBSzoRzgK9qYa4D28?authuser=0&hl=en&rclk=1
18,"CMR Shopping Mall, Proddatur",Shopping mall,,4.7,"7,879","https://www.google.com/maps/place/CMR+Shopping+Mall,+Proddatur/data=!4m7!3m6!1s0x3bb479006d4109b3:0xcc1455ecbdf9027d!8m2!3d14.7479805!4d78.5545498!16s%2Fg%2F11lcfkfz5q!19sChIJswlBbQB5tDsRfQL5vexVFMw?authuser=0&hl=en&rclk=1"
19,Bhupathi Surya Central Mall,Shopping mall,,4.3,119,https://www.google.com/maps/place/Bhupathi+Surya+Central+Mall/data=!4m7!3m6!1s0x3a3943240631685d:0x67c4871ce095afb1!8m2!3d17.7267137!4d83.2993943!16s%2Fg%2F11f0wpv1p1!19sChIJXWgxBiRDOToRsaV4ByHxGc?authuser=0&hl=en&rclk=1
20,Jyoti Mall,Shopping mall,085182 89309,4.2,"13,226",https://www.google.com/maps/place/Jyoti+Mall/data=!4m7!3m6!1s0x3bb5e75e70a3c14f:0x6dbf223ae3df2df2!8m2!3d15.8304603!4d78.0401924!16s%2Fg%2F1260d7m10!19sChIJT8GjcF7ntTsR8i3f4zoiv20?authuser=0&hl=en&rclk=1
21,South India Shopping MallVijayawada,Shopping mall,077999 65656,3.9,"10,078",https://www.google.com/maps/place/South+India+Shopping+MallVijayawada/data=!4m7!3m6!1s0x3a35effdeb2f9bf3:0x78b1a14042df691b!8m2!3d16.513834!4d80.627025!16s%2Fg%2F124t5lyc4!19sChIJ85sv6_3vNToRG2nfQkChsXg?authuser=0&hl=en&rclk=1
22,DAddress Mall,Shopping mall,,4.2,"5,200",https://www.google.com/maps/place/DAddress+Mall/data=!4m7!3m6!1s0x3a35faba42ba86d9:0xeb7f4e5a41eb3112!8m2!3d16.4993952!4d80.6500503!16s%2Fg%2F11g69hvn4w!19sChIJ2Ya6Qrr6NToREjHrQVpOfs?authuser=0&hl=en&rclk=1
23,The IMPERIAL VSN,Shopping mall,081255 29999,4.2,737,https://www.google.com/maps/place/The+IMPERIAL+VSN/data=!4m7!3m6!1s0x3a35fac7c43b58f3:0x17ab87a3ca03ebf6!8m2!3d16.501111!4d80.6568387!16s%2Fg%2F11f03tml2n!19sChIJ81g7xMf6NToR9usDyqOHqxc?authuser=0&hl=en&rclk=1
24,Swathi Shopping Mall  MG road Vijayawada,Shopping mall,,4.5,938,https://www.google.com/maps/place/Swathi+Shopping+Mall++MG+road+Vijayawada/data=!4m7!3m6!1s0x3a35fb4362b49deb:0xb2d97b1190c37415!8m2!3d16.5007325!4d80.6453365!16s%2Fg%2F11l6rtwkcb!19sChIJ6520YkP7NToRFXTDkBF72bI?authuser=0&hl=en&rclk=1
25,CMR Shopping Mall,Shopping mall,076709 01517,4.0,"8,410",https://www.google.com/maps/place/CMR+Shopping+Mall/data=!4m7!3m6!1s0x3a3969a91f861383:0x5cb87a6c18b5de98!8m2!3d17.685264!4d83.2117645!16s%2Fg%2F1q63ck08x!19sChIJgxOGH6lpOToRmN61GGx6uFw?authuser=0&hl=en&rclk=1
26,CMR Shopping Mall,Shopping mall,076709 01440,4.1,"2,904",https://www.google.com/maps/place/CMR+Shopping+Mall/data=!4m7!3m6!1s0x3a4a7566c8d3d0d9:0xad17c62b3d27c1eb!8m2!3d16.3106157!4d80.4287612!16s%2Fg%2F11gdg0pd03!19sChIJ2dDTyGZ1SjoR68EnPSvGF60?authuser=0&hl=en&rclk=1
27,South India Shopping MallGajuwaka,Outlet mall,077999 65656,4.5,"5,456",https://www.google.com/maps/place/South+India+Shopping+MallGajuwaka/data=!4m7!3m6!1s0x3a3969070d8c6573:0x3cfb57aa4a3f3b5!8m2!3d17.685702!4d83.2064281!16s%2Fg%2F11fx912_hk!19sChIJc2WMDQdpOToRtfOjpHq1zwM?authuser=0&hl=en&rclk=1
28,CMR Shopping Mall,Shopping mall,076709 01423,4.7,"2,801",https://www.google.com/maps/place/CMR+Shopping+Mall/data=!4m7!3m6!1s0x3a37d3e143e77ebf:0xf16139e1006714c3!8m2!3d16.5458136!4d81.5269858!16s%2Fg%2F11q7jp127b!19sChIJv37nQHTNzoRwxRnAOE5YfE?authuser=0&hl=en&rclk=1
29,CMR Shopping Mall,Shopping mall,076709 01465,4.2,"1,953",https://www.google.com/maps/place/CMR+Shopping+Mall/data=!4m7!3m6!1s0x3a4d4b8de366f6ff:0xb911776a880da5fb!8m2!3d13.6368831!4d79.4198341!16s%2Fg%2F11fhz1vmqr!19sChIJ__Zm441LTToR6UNiGp3Ebk?authuser=0&hl=en&rclk=1
30,GV Mall Gudivada,Shopping mall,,4.3,"1,797",https://www.google.com/maps/place/GV+Mall+Gudivada/data=!4m7!3m6!1s0x3a361d792d7f2a9f:0xc15384b95fd8b1d5!8m2!3d16.4339157!4d80.9924718!16s%2Fg%2F11mjxq9g31!19sChIJnyp_LXkdNjoR1bHYX7mEU8E?authuser=0&hl=en&rclk=1
31,GV Mall Eluru,Shopping mall,095506 99887,4.1,"4,957",https://www.google.com/maps/place/GV+Mall+Eluru/data=!4m7!3m6!1s0x3a3614b62634b4a3:0xf428b6873ac1fa93!8m2!3d16.7121791!4d81.0974267!16s%2Fg%2F11ggbcb7r9!19sChIJo7Q0JrYUNjoRk_rBOoe2KPQ?authuser=0&hl=en&rclk=1
32,Swathi Shopping Mall  Guntur,Shopping mall,0863 222 6812,4.3,"2,115",https://www.google.com/maps/place/Swathi+Shopping+Mall++Guntur/data=!4m7!3m6!1s0x3a4a752d4655233d:0xd4b8bf93508aaa!8m2!3d16.3083721!4d80.4335984!16s%2Fg%2F11gwmfjhbk!19sChIJPSNVRi11SjoRqopQk741AA?authuser=0&hl=en&rclk=1
33,Dress Circle Shopping Mall Anantapur,Shopping mall,091211 41021,4.6,"7,093",https://www.google.com/maps/place/Dress+Circle+Shopping+Mall+Anantapur/data=!4m7!3m6!1s0x3bb14adc12bf9ef5:0x8ea89bb961ec5bc9!8m2!3d14.6790797!4d77.6008756!16s%2Fg%2F11f3m9dz4n!19sChIJ9Z6_EtxKsTsRyVvsYbmbqI4?authuser=0&hl=en&rclk=1
34,TGV Anantha Cine Shopping Mall,Shopping mall,098480 76142,4.2,"2,168",https://www.google.com/maps/place/TGV+Anantha+Cine+Shopping+Mall/data=!4m7!3m6!1s0x3bb5e758c20e8ea1:0x21dbfc3dae7c258c!8m2!3d15.8268306!4d78.0353111!16s%2Fg%2F1pyqgfvgw!19sChIJoY4OwljntTsRjCV8rj382yE?authuser=0&hl=en&rclk=1
35,Z Mall,Shopping mall,,4.7,192,https://www.google.com/maps/place/Z+Mall/data=!4m7!3m6!1s0x3a37a3e62742cc83:0x32d4888dda7f7050!8m2!3d17.0071569!4d81.7895933!16s%2Fg%2F11vln9mf8g!19sChIJg8xCJajNzoRUHB_2o2I1DI?authuser=0&hl=en&rclk=1
36,CMR Shopping Mall,Shopping mall,,4.6,661,https://www.google.com/maps/place/CMR+Shopping+Mall/data=!4m7!3m6!1s0x3bb14b0053517429:0xe5cacf7dd559920a!8m2!3d14.6808258!4d77.595387!16s%2Fg%2F11wflvw3d5!19sChIJKXRRUwBLsTsRCpJZ1X3PyuU?authuser=0&hl=en&rclk=1
37,VARAM CENTRAL Mall & Multiplex,Shopping mall,,4.3,135,https://www.google.com/maps/place/VARAM+CENTRAL+Mall+%26+Multiplex/data=!4m7!3m6!1s0x3a49e7196eae5f89:0xb2d205efd7f1e916!8m2!3d16.1969608!4d81.1384553!16s%2Fg%2F11spzqgxk6!19sChIJiVubhnnSToRFunx18F0rI?authuser=0&hl=en&rclk=1
38,PVR Ripples Mall Vijayawada,Shopping mall,088009 00009,4.0,"21,912",https://www.google.com/maps/place/PVR+Ripples+Mall+Vijayawada/data=!4m7!3m6!1s0x3a35fb819b61fc3d:0xf0de593e4d2a16cd!8m2!3d16.5010627!4d80.643605!16s%2Fg%2F11ckv6t1cx!19sChIJPfxhm4H7NToRzRYqTT5Z3vA?authuser=0&hl=en&rclk=1
39,SOUTH CENTRAL SHOPPING MALL,Shopping mall,096137 99997,3.9,716,https://www.google.com/maps/place/SOUTH+CENTRAL+SHOPPING+MALL/data=!4m7!3m6!1s0x3a399352eb7d1275:0xf2f32f77ca70a501!8m2!3d17.6647735!4d82.6137276!16s%2Fg%2F11f7bqtzc_!19sChIJdRJ961KTOToRAaVwyncv8_I?authuser=0&hl=en&rclk=1
40,SOUTH CENTRAL SHOPPING MALL,Shopping mall,,3.8,"1,031",https://www.google.com/maps/place/SOUTH+CENTRAL+SHOPPING+MALL/data=!4m7!3m6!1s0x3a39c7ed4071b121:0xb356e1e71d40d034!8m2!3d17.3629475!4d82.5514795!16s%2Fg%2F11b8t85mcz!19sChIJIbFxQO3HOToRNNBAHefhVrM?authuser=0&hl=en&rclk=1
41,South India Shopping MallGuntur,Shopping mall,0863 232 3900,4.0,"4,525",https://www.google.com/maps/place/South+India+Shopping+MallGuntur/data=!4m7!3m6!1s0x3a4a75434bd3f099:0x8695285426bf9497!8m2!3d16.305355!4d80.436901!16s%2Fg%2F11bx5v1tnz!19sChIJmfDTS0N1SjoRl5S_JlQolYY?authuser=0&hl=en&rclk=1
42,GV Mall Nandyala,Shopping mall,,4.5,"2,759",https://www.google.com/maps/place/GV+Mall+Nandyala/data=!4m7!3m6!1s0x3bb5ad5e4c29d639:0xa44724a86abeab3b!8m2!3d15.4832815!4d78.485849!16s%2Fg%2F11ksgbx3g0!19sChIJOdYpTF6ttTsRO6uaqgkR6Q?authuser=0&hl=en&rclk=1
43,MS Ramayya Shopping Mall,Shopping mall,089125 20120,4.1,"1,335",https://www.google.com/maps/place/MS+Ramayya+Shopping+Mall/data=!4m7!3m6!1s0x3a3967afda16f661:0x872dd8a11eb09ab5!8m2!3d17.7770082!4d83.2165405!16s%2Fg%2F1tfnw_xc!19sChIJYfYW2q9nOToRtZqwHqHYLYc?authuser=0&hl=en&rclk=1
44,VMR Central Mall  Aganampudi,Outlet mall,,4.5,120,https://www.google.com/maps/place/VMR+Central+Mall++Aganampudi/data=!4m7!3m6!1s0x3a396fc362a2e17b:0xcbc485c001688cf5!8m2!3d17.687463!4d83.1375049!16s%2Fg%2F11vwpms7pq!19sChIJeGiYsNvOToR9YxoAcCFxMs?authuser=0&hl=en&rclk=1
45,South India Shopping Mall Eluru,Outlet mall,077999 65656,4.5,"1,147",https://www.google.com/maps/place/South+India+Shopping+Mall+Eluru/data=!4m7!3m6!1s0x3a3615b055079a4d:0xee0e28f1ceda798a!8m2!3d16.7176929!4d81.0973204!16s%2Fg%2F11scq_0_wx!19sChIJTZoHVbAVNjoRinnazvEoDu4?authuser=0&hl=en&rclk=1
46,Swathi Shopping Mall  Narasaraopet,Shopping mall,,4.5,"3,093",https://www.google.com/maps/place/Swathi+Shopping+Mall++Narasaraopet/data=!4m7!3m6!1s0x3a4a81cd02240c11:0xbc612a8aff2384ac!8m2!3d16.2379323!4d80.0549356!16s%2Fg%2F11j0rw0fp7!19sChIJEQwkAs2BSjoRrIQj_4oqYbw?authuser=0&hl=en&rclk=1
47,Phoenix Mall Guntur,Shopping mall,,4.3,997,https://www.google.com/maps/place/Phoenix+Mall+Guntur/data=!4m7!3m6!1s0x3a4a75d3b61be25b:0x4ad151065cf08388!8m2!3d16.2912861!4d80.4368473!16s%2Fg%2F11rvc1c5dy!19sChIJWIbttN1SjoRiIPwXAZR0Uo?authuser=0&hl=en&rclk=1
48,MGR shopping mall,Shopping mall,,4.6,12,https://www.google.com/maps/place/MGR+shopping+mall/data=!4m7!3m6!1s0x3a3c77259fe98dd7:0x5a2f596cf06f9fc3!8m2!3d18.451026!4d83.6614625!16s%2Fg%2F11fkf2j5k5!19sChIJ143pnyV3PDoRw59v8GxZL1o?authuser=0&hl=en&rclk=1
49,CMR Shopping Mall Eluru,Shopping mall,076709 01431,4.5,"3,501",https://www.google.com/maps/place/CMR+Shopping+Mall+Eluru/data=!4m7!3m6!1s0x3a36154eb7994a37:0x923e2edd5057995!8m2!3d16.7083003!4d81.0902422!16s%2Fg%2F11h99l2q52!19sChIJN0qZt04VNjoRlXkF1e3iIwk?authuser=0&hl=en&rclk=1
50,CMR Shopping Mall,Shopping mall,076709 01473,4.7,"6,237",https://www.google.com/maps/place/CMR+Shopping+Mall/data=!4m7!3m6!1s0x3a37ef0b41d0975f:0xdbe04343a29dc8dd!8m2!3d16.5757873!4d82.0035894!16s%2Fg%2F11sfrtphvx!19sChIJX5fQQQvvNzoR3cidokND4Ns?authuser=0&hl=en&rclk=1
51,Swathi Shopping Mall  Chirala,Shopping mall,,4.0,"1,370",https://www.google.com/maps/place/Swathi+Shopping+Mall++Chirala/data=!4m7!3m6!1s0x3a4a441770cae2bb:0xe4a6b184a2b6230b!8m2!3d15.82843!4d80.353935!16s%2Fg%2F11bysjp26q!19sChIJuLKcBdESjoRCyO2ooSxpuQ?authuser=0&hl=en&rclk=1
52,Fort City Central Mall,Shopping mall,,4.3,173,https://www.google.com/maps/place/Fort+City+Central+Mall/data=!4m7!3m6!1s0x3a3be5baa9ce1e87:0xf04bc27a2fbf8cdf!8m2!3d18.1103058!4d83.3975914!16s%2Fg%2F11swzmdt9h!19sChIJhx7OqbrlOzoR34y_L3rCS_A?authuser=0&hl=en&rclk=1
53,CMR Shopping Mall,Shopping mall,,4.8,519,https://www.google.com/maps/place/CMR+Shopping+Mall/data=!4m7!3m6!1s0x3a49e748e1d84a05:0x639ef12ba5d7321b!8m2!3d16.1866899!4d81.1365562!16s%2Fg%2F11wnfd641c!19sChIJBUrY4UjnSToRGzLXpSvxnmM?authuser=0&hl=en&rclk=1
54,Kothamas Shopping Mall,Shopping mall,0863 222 2542,3.7,"1,004",https://www.google.com/maps/place/Kothamas+Shopping+Mall/data=!4m7!3m6!1s0x3a4a75383dcb87eb:0xd2a6cfd991d7b1b1!8m2!3d16.2926995!4d80.4429192!16s%2Fg%2F1tc_jkgq!19sChIJ64fLPTh1SjoRsbHXkdnPptI?authuser=0&hl=en&rclk=1
55,Central Park,Shopping mall,,3.9,"2,158",https://www.google.com/maps/place/Central+Park/data=!4m7!3m6!1s0x3a4d4b012e344b87:0xafc0fd881f8d93e1!8m2!3d13.6361181!4d79.4219299!16s%2Fg%2F1tdq4fc9!19sChIJh0s0LgFLTToR4ZONH4j9wK8?authuser=0&hl=en&rclk=1
56,Sri Jk Shopping Mall,Shopping mall,089412 51251,3.8,71,https://www.google.com/maps/place/Sri+Jk+Shopping+Mall/data=!4m7!3m6!1s0x3a3c76e827477a8b:0x2641f5ecde663c47!8m2!3d18.4489444!4d83.6630796!16s%2Fg%2F11c530072w!19sChIJi3pHJh2PDoRRzxm3uz1QSY?authuser=0&hl=en&rclk=1
57,UNLIMITED Shopping Mall,Shopping mall,085622 79600,4.2,891,https://www.google.com/maps/place/UNLIMITED+Shopping+Mall/data=!4m7!3m6!1s0x3bb3738d57f488e7:0xc939b55e4687cb8!8m2!3d14.4650404!4d78.8328333!16s%2Fg%2F11h5_v1tzh!19sChIJ54j0V41zszsRuHxo5FWbkww?authuser=0&hl=en&rclk=1
58,Ukon Shopping Mall,Shopping mall,098858 58448,3.9,"1,912",https://www.google.com/maps/place/Ukon+Shopping+Mall/data=!4m7!3m6!1s0x3bb5e756436de047:0xd584be63add3983f!8m2!3d15.826176!4d78.026808!16s%2Fg%2F1tfk2wmz!19sChIJRBtQ1bntTsRP5jTrWOhNU?authuser=0&hl=en&rclk=1
59,GV Mall Amalapuram,Shopping mall,087422 55457,4.7,"1,476",https://www.google.com/maps/place/GV+Mall+Amalapuram/data=!4m7!3m6!1s0x3a37efc7f76df11f:0x84159ff056f01e44!8m2!3d16.5764669!4d82.0025177!16s%2Fg%2F11y27z550t!19sChIJH_Ft98fvNzoRRB7wVvCfFYQ?authuser=0&hl=en&rclk=1
60,Sree Veerabhadra Swamy Shopping Mall,Shopping mall,088974 91541,3.8,802,https://www.google.com/maps/place/Sree+Veerabhadra+Swamy+Shopping+Mall/data=!4m7!3m6!1s0x3bb372172f7c36ef:0x18e778127a522fe0!8m2!3d14.4811071!4d78.8231841!16s%2Fg%2F1td2sbf6!19sChIJ7zZ8LxdyszsR4C9SehJ45xg?authuser=0&hl=en&rclk=1
61,South India Shopping Mall Kadapa,Shopping mall,1800 570 0999,4.0,255,https://www.google.com/maps/place/South+India+Shopping+Mall+Kadapa/data=!4m7!3m6!1s0x3bb3731466d80423:0x5786d9f373d0c0b2!8m2!3d14.4632386!4d78.8316153!16s%2Fg%2F11v65375vq!19sChIJIwTYZhRzszsRssDQc_PZhlc?authuser=0&hl=en&rclk=1
62,"KLM Fashion Mall, Nellore",Shopping mall,090302 60666,4.0,"2,306","https://www.google.com/maps/place/KLM+Fashion+Mall,+Nellore/data=!4m7!3m6!1s0x3a4c8cc99ea7f257:0x166d1a4c4e413be3!8m2!3d14.4516205!4d79.9834603!16s%2Fg%2F11f55450xg!19sChIJV_KnnsmMTDoR4ztBTkwabRY?authuser=0&hl=en&rclk=1"
63,Lalitha MegaMall,Shopping mall,,4.0,"1,008",https://www.google.com/maps/place/Lalitha+MegaMall/data=!4m7!3m6!1s0x3bb41cac1ac11fc5:0x88d73997ef3b3bf6!8m2!3d14.9076613!4d78.0130441!16s%2Fg%2F11c38dr3ss!19sChIJxR_BGqwctDsR9js775c514g?authuser=0&hl=en&rclk=1
64,Raji Secar SQUARE Malls,Outlet mall,,4.2,190,https://www.google.com/maps/place/Raji+Secar+SQUARE+Malls/data=!4m7!3m6!1s0x3bb373947f7f6b07:0x81576709bbff27e3!8m2!3d14.4653774!4d78.823575!16s%2Fg%2F11tdr6y15_!19sChIJB2t_f5RzszsR4yf_uwlnV4E?authuser=0&hl=en&rclk=1
65,JC MALL  RAJAHMUNDRY,Shopping mall,,4.5,147,https://www.google.com/maps/place/JC+MALL++RAJAHMUNDRY/data=!4m7!3m6!1s0x3a37a3979e120fbd:0x23ab920f6a07d0e5!8m2!3d17.0063892!4d81.7899436!16s%2Fg%2F11w7kk00mp!19sChIJvQ8SnpejNzoR5dAHagSqyM?authuser=0&hl=en&rclk=1
66,A.S.R. Mall,Shopping mall,090006 20727,4.9,27,https://www.google.com/maps/place/A.S.R.+Mall/data=!4m7!3m6!1s0x3bb64d25e8648883:0x4a2f4b8bb0e1c90a!8m2!3d15.62547!4d77.2754847!16s%2Fg%2F11g047_zh_!19sChIJg4hk6CVNtjsRCsnhsItLL0o?authuser=0&hl=en&rclk=1
67,South India Shopping Mall Anantapur,Shopping mall,077999 65656,4.5,611,https://www.google.com/maps/place/South+India+Shopping+Mall+Anantapur/data=!4m7!3m6!1s0x3bb14b616bdd8053:0x551d40fa1ba293fb!8m2!3d14.6800605!4d77.5984367!16s%2Fg%2F11y5dyw_bt!19sChIJU4Dda2FLsTsR5OiG_pAHVU?authuser=0&hl=en&rclk=1
68,P.M.R Shopping Mall,Shopping mall,098664 07769,3.9,133,https://www.google.com/maps/place/P.M.R+Shopping+Mall/data=!4m7!3m6!1s0x3bb2d49d9766e867:0x737f36c5075b8c6b!8m2!3d13.9590467!4d79.3500067!16s%2Fg%2F11b6pnhdvx!19sChIJZhml53UsjsRa4xbB8U2f3M?authuser=0&hl=en&rclk=1
69,Sajjas Grand Shopping Mall,Shopping mall,086442 25566,3.6,783,https://www.google.com/maps/place/Sajjas+Grand+Shopping+Mall/data=!4m7!3m6!1s0x3a4a060941103c49:0xce44fdb12be34d31!8m2!3d16.2385558!4d80.6497022!16s%2Fg%2F11fnw1dk_m!19sChIJSTwQQQkGSjoRMU3jK7H9RM4?authuser=0&hl=en&rclk=1
70,Ambica Fashion Mall,Outlet mall,091214 01601,4.3,414,https://www.google.com/maps/place/Ambica+Fashion+Mall/data=!4m7!3m6!1s0x3a4b019bfc74861f:0x47fec71e71124cb1!8m2!3d15.5134054!4d80.040222!16s%2Fg%2F11s5twnrt9!19sChIJH4Z0_JsBSzoRsUwScR7H_kc?authuser=0&hl=en&rclk=1
71,Chandana Brothers Shopping Mall,Shopping mall,088122 23388,3.9,"3,151",https://www.google.com/maps/place/Chandana+Brothers+Shopping+Mall/data=!4m7!3m6!1s0x3a3614d06f10e77d:0x4768237a114df9f1!8m2!3d16.709815!4d81.1105812!16s%2Fg%2F11rst6klg!19sChIJfecQb9AUNjoR8flNEXojaEc?authuser=0&hl=en&rclk=1
72,ASRITHA FASHION MALL,Shopping mall,,4.5,170,https://www.google.com/maps/place/ASRITHA+FASHION+MALL/data=!4m7!3m6!1s0x3a4a75bb200458d9:0xfb85c1a196e01877!8m2!3d16.3085945!4d80.434381!16s%2Fg%2F11k9flzdyh!19sChIJ2VgEILt1SjoRdxjglqHBhfs?authuser=0&hl=en&rclk=1
73,Vasant Shopping Mall,Shopping mall,,3.9,143,https://www.google.com/maps/place/Vasant+Shopping+Mall/data=!4m7!3m6!1s0x3bb6e56381d1ac53:0xc513d7998bb8bcf6!8m2!3d15.1655321!4d77.3768109!16s%2Fg%2F11f9frk98j!19sChIJU6zRgWPltjsR9ry4i5nXE8U?authuser=0&hl=en&rclk=1
74,Kotiees Shopping Mall,Shopping mall,092470 40662,3.8,882,https://www.google.com/maps/place/Kotiees+Shopping+Mall/data=!4m7!3m6!1s0x3a4b01a9fdb9689d:0xe81b31f880f13b4e!8m2!3d15.5096612!4d80.0474546!16s%2Fg%2F11bt_gcg_2!19sChIJnWi5_akBSzoRTjvxgPgxGg?authuser=0&hl=en&rclk=1
75,SHABBER MALL,Shopping mall,095508 49490,4.3,58,https://www.google.com/maps/place/SHABBER+MALL/data=!4m7!3m6!1s0x3bb3736cc33a857f:0x5d987c3c76802a2f!8m2!3d14.480556!4d78.8242688!16s%2Fg%2F11pzrm0lbw!19sChIJf4U6w2xzszsRLyqAdjx8mF0?authuser=0&hl=en&rclk=1
76,V square mall,Shopping mall,,4.6,103,https://www.google.com/maps/place/V+square+mall/data=!4m7!3m6!1s0x3a396fed0fe647b9:0x894bc471d323a2c7!8m2!3d17.6870901!4d83.1374556!16s%2Fg%2F11jyw5ztm2!19sChIJuUfmD1vOToRx6Ij03HES4k?authuser=0&hl=en&rclk=1
77,H.A.S Friends Mall,Shopping mall,094937 54433,4.4,85,https://www.google.com/maps/place/H.A.S+Friends+Mall/data=!4m7!3m6!1s0x3bb41d0d83e6b6e9:0x9a3041c13de70b77!8m2!3d14.9055801!4d78.0117089!16s%2Fg%2F11qg3k3rv9!19sChIJ6bbmgw0dtDsRdwvnPcFBMJo?authuser=0&hl=en&rclk=1
78,City Shopping Mall,Shopping mall,090144 39988,3.8,159,https://www.google.com/maps/place/City+Shopping+Mall/data=!4m7!3m6!1s0x3a3c151b29ad60af:0xbd1c733942da3ccf!8m2!3d18.2953222!4d83.8972705!16s%2Fg%2F11bxdlzw6p!19sChIJr2CtKRsVPDoRzzzaQjlzHL0?authuser=0&hl=en&rclk=1
79,Mangalya Shopping Mall,Shopping mall,,3.8,769,https://www.google.com/maps/place/Mangalya+Shopping+Mall/data=!4m7!3m6!1s0x3bb373402ee615eb:0x18be6d3e9c2b11ef!8m2!3d14.4644359!4d78.8321849!16s%2Fg%2F11h6gpwc7h!19sChIJ6xXmLkBzszsR7xErnD5tvhg?authuser=0&hl=en&rclk=1
80,Dreams Shopping Mall,Shopping mall,,3.5,72,https://www.google.com/maps/place/Dreams+Shopping+Mall/data=!4m7!3m6!1s0x3a354d99d11ea137:0xc2cd20704613cbf8!8m2!3d16.4751875!4d79.4362911!16s%2Fg%2F11gf97n17j!19sChIJN6Ee0ZlNNToRMsTRnAgzcI?authuser=0&hl=en&rclk=1
81,Sri Satya Shopping Mall,Shopping mall,,3.7,26,https://www.google.com/maps/place/Sri+Satya+Shopping+Mall/data=!4m7!3m6!1s0x3a37a3ec7a4077ed:0xd68d31e23d553aa2!8m2!3d17.0100479!4d81.794678!16s%2Fg%2F11ckpyn28t!19sChIJ7XdAeuyjNzoRojpVPeIxjdY?authuser=0&hl=en&rclk=1
82,Jagadeesh Shopping Mall,Shopping mall,094402 90344,4.0,219,https://www.google.com/maps/place/Jagadeesh+Shopping+Mall/data=!4m7!3m6!1s0x3bb5ddeb7f383de7:0xf47d9b01cb7549d9!8m2!3d15.8066444!4d78.0392594!16s%2Fg%2F11clycch4v!19sChIJ5z04fvdtTsR2Ul1ywGbffQ?authuser=0&hl=en&rclk=1
83,Y 5 mall Guntur,Shopping mall,,4.4,71,https://www.google.com/maps/place/Y+5+mall+Guntur/data=!4m7!3m6!1s0x3a4a7540acfac0cd:0x76babd9fbf208f94!8m2!3d16.3138861!4d80.4192663!16s%2Fg%2F11rd9_syzm!19sChIJzcD6rEB1SjoRlI8gv59unY?authuser=0&hl=en&rclk=1
84,The Chennai Shopping Mall  Guntur,Shopping mall,040 2233 3333,3.9,"3,405",https://www.google.com/maps/place/The+Chennai+Shopping+Mall++Guntur/data=!4m7!3m6!1s0x3a4a755c9523cf47:0x49967195d9996209!8m2!3d16.3073356!4d80.4368419!16s%2Fg%2F11f2lphc07!19sChIJR88jlVx1SjoRCWKZ2ZVxlkk?authuser=0&hl=en&rclk=1
85,Dress Circle Shopping Mall Kurnool,Shopping mall,088869 89992,4.6,"5,078",https://www.google.com/maps/place/Dress+Circle+Shopping+Mall+Kurnool/data=!4m7!3m6!1s0x3bb5e75e7e8acbdf:0xdfb6c5c0e127d28f!8m2!3d15.8302411!4d78.0397506!16s%2Fg%2F124yjglmk!19sChIJ38uKfl7ntTsRj9In4cDFtt8?authuser=0&hl=en&rclk=1
86,TJ Shopping Mall,Shopping mall,097311 05990,3.9,"2,908",https://www.google.com/maps/place/TJ+Shopping+Mall/data=!4m7!3m6!1s0x3bb5e75da54664a5:0xaf3725312135118b!8m2!3d15.8333333!4d78.0402778!16s%2Fg%2F124ycxz5g!19sChIJpWRGpV3ntTsRixE1ITElN68?authuser=0&hl=en&rclk=1
87,Sree Veerabhadra swamy Shopping Mall,Shopping mall,079979 01111,3.8,551,https://www.google.com/maps/place/Sree+Veerabhadra+swamy+Shopping+Mall/data=!4m7!3m6!1s0x3bb5ad56e5328e77:0xa7d8a9f3886b3df9!8m2!3d15.4876294!4d78.478775!16s%2Fg%2F11fzf88ly2!19sChIJd44y5VattTsRT1riPOp2Kc?authuser=0&hl=en&rclk=1
88,Garuda Mall,Shopping mall,,4.3,52,https://www.google.com/maps/place/Garuda+Mall/data=!4m7!3m6!1s0x3a4d4b162164d217:0xad1d8d3c93f5b5db!8m2!3d13.6453776!4d79.4382313!16s%2Fg%2F11m9sw57wm!19sChIJF9JkIRZLTToR27X1kzyNHa0?authuser=0&hl=en&rclk=1
89,K.R.R Shopping Mall,Shopping mall,094930 43438,3.8,166,https://www.google.com/maps/place/K.R.R+Shopping+Mall/data=!4m7!3m6!1s0x3a36133f4388a3c1:0xb35911e05b16bc2a!8m2!3d16.699397!4d81.0524172!16s%2Fg%2F1q5gn9zgw!19sChIJwaOIQz8TNjoRKrwWWARWbM?authuser=0&hl=en&rclk=1
90,South India Shopping MallNellore,Shopping mall,077999 65656,3.9,"2,302",https://www.google.com/maps/place/South+India+Shopping+MallNellore/data=!4m7!3m6!1s0x3a4c8ccd2fffffff:0xd455cbe10b14ede9!8m2!3d14.4453302!4d79.9794899!16s%2Fg%2F11gdtqc70x!19sChIJ____L82MTDoR6e0UCHLVdQ?authuser=0&hl=en&rclk=1
91,VSN mall,Shopping mall,,3.9,51,https://www.google.com/maps/place/VSN+mall/data=!4m7!3m6!1s0x3a35fbae6e46498b:0x5c54633b50548fa4!8m2!3d16.5013013!4d80.656414!16s%2Fg%2F11sfft1kk7!19sChIJi0lGbq77NToRpI9UUDtjVFw?authuser=0&hl=en&rclk=1
92,Municipal Shopping Mall,Shopping mall,,3.6,197,https://www.google.com/maps/place/Municipal+Shopping+Mall/data=!4m7!3m6!1s0x3bb14adb38156949:0xc3603387ba041582!8m2!3d14.6812288!4d77.597126!16s%2Fg%2F11b6rfjql2!19sChIJSWkVONtKsTsRghUEuoczYMM?authuser=0&hl=en&rclk=1
93,Skanda shopping mall,Shopping mall,092469 22665,4.0,"1,123",https://www.google.com/maps/place/Skanda+shopping+mall/data=!4m7!3m6!1s0x3bb5e7614a1a48e3:0x88a4e7a515e469ed!8m2!3d15.8313054!4d78.0473287!16s%2Fg%2F1q660h36_!19sChIJ40gaSmHntTsR7WnkFaXnpIg?authuser=0&hl=en&rclk=1
94,KSP Prime,Shopping mall,,4.1,"4,616",https://www.google.com/maps/place/KSP+Prime/data=!4m7!3m6!1s0x3a4a7549baf156ad:0xca616fe801118bda!8m2!3d16.2968283!4d80.4475356!16s%2Fg%2F11ggvslyy5!19sChIJrVbxukl1SjoR2osRAehvYco?authuser=0&hl=en&rclk=1
95,"Subhamastu Shopping Mall, Nellore",Shopping mall,0861 235 9597,3.9,"3,829","https://www.google.com/maps/place/Subhamastu+Shopping+Mall,+Nellore/data=!4m7!3m6!1s0x3a4c8ccb9fbfd3f3:0x4ee5608acbd7ab08!8m2!3d14.447651!4d79.9819249!16s%2Fg%2F11clsgh8ty!19sChIJ89O_n8uMTDoRCKvXy4pg5U4?authuser=0&hl=en&rclk=1"
96,Zero Max The Family Shopping Mall,Shopping mall,089194 98576,4.4,104,https://www.google.com/maps/place/Zero+Max+The+Family+Shopping+Mall/data=!4m7!3m6!1s0x3bb5e75dd404016b:0x4be9825cdae84e4b!8m2!3d15.8313352!4d78.0397834!16s%2Fg%2F11gf8d_qyr!19sChIJawEE1F3ntTsRS07o2lyC6Us?authuser=0&hl=en&rclk=1
97,SOUTH CENTER Shopping Mall,Shopping mall,,3.9,74,https://www.google.com/maps/place/SOUTH+CENTER+Shopping+Mall/data=!4m7!3m6!1s0x3bb5e7de36035ee9:0x4262aaa672b81d1f!8m2!3d15.8299202!4d78.0398634!16s%2Fg%2F11fl8zv3rj!19sChIJ6V4DNt7ntTsRHx24cqaqYkI?authuser=0&hl=en&rclk=1
98,South India Shopping,Shopping mall,090665 60560,4.3,212,https://www.google.com/maps/place/South+India+Shopping/data=!4m7!3m6!1s0x3a4a757f36238cd7:0xdc53f0316144d4ea!8m2!3d16.2931092!4d80.4489494!16s%2Fg%2F11svj13vxf!19sChIJ14wjNn91SjoR6tREYTHwU9w?authuser=0&hl=en&rclk=1
99,Lucky shopping mall,Shopping mall,,3.9,"3,217",https://www.google.com/maps/place/Lucky+shopping+mall/data=!4m7!3m6!1s0x3a3969a928a3ef15:0xd603e3ce93f22e8a!8m2!3d17.6855013!4d83.2125688!16s%2Fg%2F11g6wzsv9y!19sChIJFejKKlpOToRii7yk87jA9Y?authuser=0&hl=en&rclk=1
100,MBR Shopping Mall,Shopping mall,091107 33948,4.2,237,https://www.google.com/maps/place/MBR+Shopping+Mall/data=!4m7!3m6!1s0x3a49e74f23fa6a59:0x309fa7fe35ef52aa!8m2!3d16.1830885!4d81.1326763!16s%2Fg%2F11r8vt697x!19sChIJWWr6I0_nSToRqlLvNf6nnzA?authuser=0&hl=en&rclk=1
101,Janjanam Shopping Mall,Shopping mall,,3.8,359,https://www.google.com/maps/place/Janjanam+Shopping+Mall/data=!4m7!3m6!1s0x3a4a441847aee009:0xf43e9ffaa5ead640!8m2!3d15.8272648!4d80.3562622!16s%2Fg%2F1260_bks1!19sChIJCeCuRxhESjoRQNbqpfqfPvQ?authuser=0&hl=en&rclk=1
102,Lucky Shopping Mall,Shopping mall,,3.9,139,https://www.google.com/maps/place/Lucky+Shopping+Mall/data=!4m7!3m6!1s0x3bb531cb4f300275:0x3ec0d29ad99996cc!8m2!3d15.7431546!4d79.2744909!16s%2Fg%2F11v67p30zp!19sChIJdQIwT8sxtTsRzJaZ2ZrSwD4?authuser=0&hl=en&rclk=1
103,Miniso Guntur,Outlet mall,081429 99499,4.0,310,https://www.google.com/maps/place/Miniso+Guntur/data=!4m7!3m6!1s0x3a4a75c4cedc84bb:0x8973ce982b5963ad!8m2!3d16.3120557!4d80.4259832!16s%2Fg%2F11n08g5n3s!19sChIJu4TczsR1SjoRrWNZK5jOc4k?authuser=0&hl=en&rclk=1
104,KLM Fashion mall,Shopping mall,,3.8,454,https://www.google.com/maps/place/KLM+Fashion+mall/data=!4m7!3m6!1s0x3a3969d0d5cdde21:0x68d022319a1b64b8!8m2!3d17.6853011!4d83.2114215!16s%2Fg%2F11rcx70d5j!19sChIJId7N1dBpOToRuGQbmjEi0Gg?authuser=0&hl=en&rclk=1
105,City Central,Shopping mall,,3.7,121,https://www.google.com/maps/place/City+Central/data=!4m7!3m6!1s0x3a4d4b0230a9c5cb:0xf584769640916859!8m2!3d13.6387197!4d79.4187598!16s%2Fg%2F1pyqm87b8!19sChIJy8WpMAJLTToRWWiRQJZ2hPU?authuser=0&hl=en&rclk=1
106,Gopi shopping mall tallarevu,Shopping mall,,4.1,27,https://www.google.com/maps/place/Gopi+shopping+mall+tallarevu/data=!4m7!3m6!1s0x3a38217f9a13026b:0x79acdcb9193d1349!8m2!3d16.7837987!4d82.2307313!16s%2Fg%2F11fn04mypf!19sChIJawITmn8hODoRSRM9GbncrHk?authuser=0&hl=en&rclk=1
107,Nakshatra,Shopping mall,,4.1,338,https://www.google.com/maps/place/Nakshatra/data=!4m7!3m6!1s0x3a37d2ab1741687d:0x41cbf1ce871b4064!8m2!3d16.5465402!4d81.5174742!16s%2Fg%2F11f40jjtv_!19sChIJfWhBF6vSNzoRZEAbh87xy0E?authuser=0&hl=en&rclk=1
108,Sreerasthu Shopping Mall,Shopping mall,096000 14874,3.9,117,https://www.google.com/maps/place/Sreerasthu+Shopping+Mall/data=!4m7!3m6!1s0x3bb35fa645c581f1:0xff36cac1488f10a6!8m2!3d14.7386067!4d79.0608435!16s%2Fg%2F11fxcg2wzf!19sChIJ8YHFRaZfszsRphCPSMHKNv8?authuser=0&hl=en&rclk=1
109,SOUTH INDIA SHOPPING MALL,Shopping mall,,4.8,977,https://www.google.com/maps/place/SOUTH+INDIA+SHOPPING+MALL/data=!4m7!3m6!1s0x3a37efd1c883b965:0x3b787d7e831997bf!8m2!3d16.5745469!4d82.0037412!16s%2Fg%2F11l5rlxp_j!19sChIJZbmDyNHvNzoRv5cZg359eDs?authuser=0&hl=en&rclk=1
110,Subhavastra shopping mall vinukonda,Shopping mall,,4.9,68,https://www.google.com/maps/place/Subhavastra+shopping+mall+vinukonda/data=!4m7!3m6!1s0x3a4abde45200ab59:0x10a84d042e7c678f!8m2!3d16.0522346!4d79.7398707!16s%2Fg%2F11vpf0mwz1!19sChIJWasAUuS9SjoRj2d8LgRNqBA?authuser=0&hl=en&rclk=1
111,Vijayawada Complex,Shopping mall,,3.8,194,https://www.google.com/maps/place/Vijayawada+Complex/data=!4m7!3m6!1s0x3a38280b9c124621:0x2ad982bfae29ed38!8m2!3d16.958201!4d82.233592!16s%2Fg%2F1pyqlh7l6!19sChIJIUYSnAsoODoROO0prrC2So?authuser=0&hl=en&rclk=1
112,Laka Shopping Mall,Shopping mall,094917 64999,4.0,34,https://www.google.com/maps/place/Laka+Shopping+Mall/data=!4m7!3m6!1s0x3a35faa9c64f1edf:0xb9055c9cb488b7cd!8m2!3d16.5438162!4d80.642368!16s%2Fg%2F11g00y1hms!19sChIJ3x5Pxqn6NToRzbeItJxcBbk?authuser=0&hl=en&rclk=1
113,"Subhamasthu Shopping Mall, Guntur",Shopping mall,,3.9,422,"https://www.google.com/maps/place/Subhamasthu+Shopping+Mall,+Guntur/data=!4m7!3m6!1s0x3a4a75ef04cf7541:0xc259ef220a26d8c6!8m2!3d16.3090994!4d80.4324319!16s%2Fg%2F11s860cqkk!19sChIJQXXPBO91SjoRxtgmCiLvWcI?authuser=0&hl=en&rclk=1"
114,"Subhamasthu Shopping Mall, Vijayawada",Shopping mall,063019 59305,3.8,"2,748","https://www.google.com/maps/place/Subhamasthu+Shopping+Mall,+Vijayawada/data=!4m7!3m6!1s0x3a35fba90b5abdf1:0x1583367c8c5bd4f!8m2!3d16.5045037!4d80.6348402!16s%2Fg%2F11fj5d_5q4!19sChIJ8b1aC6n7NToRT73FyGczWAE?authuser=0&hl=en&rclk=1"
115,GV Mall Tadepalligudem,Shopping mall,079897 96797,3.9,223,https://www.google.com/maps/place/GV+Mall+Tadepalligudem/data=!4m7!3m6!1s0x3a37b5542a4a3c5d:0x9b16a999cf6f9b01!8m2!3d16.8171733!4d81.5245192!16s%2Fg%2F11vdg0r2sh!19sChIJXTxKKlS1NzoRAZtvz5mpFps?authuser=0&hl=en&rclk=1
116,Kanaka Mahalakshmi shopping mall,Shopping mall,,4.3,34,https://www.google.com/maps/place/Kanaka+Mahalakshmi+shopping+mall/data=!4m7!3m6!1s0x3a395c08362d5c2d:0xe26cc1d4bacac849!8m2!3d17.8253768!4d83.3348919!16s%2Fg%2F11f08lqwkx!19sChIJLVwtNghcOToRScjKutTBbOI?authuser=0&hl=en&rclk=1
117,VEERABHADRA MALL WHOLESALE,Shopping mall,,4.0,36,https://www.google.com/maps/place/VEERABHADRA+MALL+WHOLESALE/data=!4m7!3m6!1s0x3bb5ad8c05ab49c9:0x14a6cbcedb1dab16!8m2!3d15.48338!4d78.4792022!16s%2Fg%2F11ph72bpwq!19sChIJyUmrBYyttTsRFqsd287LphQ?authuser=0&hl=en&rclk=1
118,STYLE BAAZAR PALASA,Shopping mall,091470 95636,4.8,336,https://www.google.com/maps/place/STYLE+BAAZAR+PALASA/data=!4m7!3m6!1s0x3a3d07071790ad0f:0x206e3651530bb58b!8m2!3d18.7681057!4d84.4176971!16s%2Fg%2F11tt6gg05k!19sChIJD62QFwcHPToRi7ULU1E2biA?authuser=0&hl=en&rclk=1
119,Mudhra Shopping Mall,Shopping mall,094944 67188,3.9,330,https://www.google.com/maps/place/Mudhra+Shopping+Mall/data=!4m7!3m6!1s0x3a35f13a275bbe1f:0xeb3f5f1ea42b1f27!8m2!3d16.4301626!4d80.5716608!16s%2Fg%2F11c5znqw96!19sChIJH75bJzrxNToRJx8rpB5fPs?authuser=0&hl=en&rclk=1
