"hlink","Name","Review","Count","Category","open_close","doJOZc","W4Efsd 3","W4Efsd 4","W4Efsd 5","W4Efsd 6","Phone","FQ2IWe src","ah5Ghc","M4A5Cf","ah5Ghc 2"
"https://www.google.com/maps/place/SRI+SANTHOSHI+MATHA+POOJA+SAMAGRI+STORES/data=!4m7!3m6!1s0x3bcb93bbc4d1628b:0x93201b0a92a842f8!8m2!3d17.4581523!4d78.3656285!16s%2Fg%2F11rn84l5mb!19sChIJi2LRxLuTyzsR-EKokgobIJM?authuser=0&hl=en&rclk=1","SRI SANTHOSHI MATHA POOJA SAMAGRI STORES","4.9","(1,188)","Religious goods store","·","","·","1-66/2, Kothaguda, x road, near Sharath city capital mall","Open","⋅ Closes 9:30 pm","093469 88491","https://lh5.googleusercontent.com/p/AF1QipOAwIhoNPW9vhhSKR1hg1sL8UL5rDAxUq7pa-Qz=w163-h92-k-no","In-store shopping","·","Kerbside pickup"
"https://www.google.com/maps/place/Sri+Tulja+Bhavani+Pooja+Stores/data=!4m7!3m6!1s0x3bcb995c40dbb02f:0xf23bfcf8679656fe!8m2!3d17.4240698!4d78.5473536!16s%2Fg%2F1pp2vgv6p!19sChIJL7DbQFyZyzsR_laWZ_j8O_I?authuser=0&hl=en&rclk=1","Sri Tulja Bhavani Pooja Stores","4.1","(47)","Religious goods store","·","","·","2, Nacharam - Mallapur Rd","Open","⋅ Closes 10 pm","","https://lh5.googleusercontent.com/p/AF1QipNvZEijm_X3eErlPTftjU26Nzh8liYjrRshSj6g=w163-h92-k-no","Delivery","",""
"https://www.google.com/maps/place/Tirumala+Pooja+Store/data=!4m7!3m6!1s0x3bcb9a18e9edd839:0x60e74f11a288dd5!8m2!3d17.435902!4d78.49614!16s%2Fg%2F124yqn7w0!19sChIJOdjt6RiayzsR1Y0oGvF0DgY?authuser=0&hl=en&rclk=1","Tirumala Pooja Store","4.5","(24)","Religious goods store","·","","·","Market Rd","Open","⋅ Closes 11 pm","097002 10846","https://lh5.googleusercontent.com/p/AF1QipNt0TUj-IePWf57yFijD1sTXCp8Nn8PHKI5cd8i=w80-h106-k-no","Delivery","",""
"https://www.google.com/maps/place/Sri+Santhoshi+Matha+Pooja+Samagri+Stores/data=!4m7!3m6!1s0x3bcb9396c3da07ad:0x92ed554f48b860bd!8m2!3d17.4737137!4d78.3636082!16s%2Fg%2F11sj7wyb1k!19sChIJrQfaw5aTyzsRvWC4SE9V7ZI?authuser=0&hl=en&rclk=1","Sri Santhoshi Matha Pooja Samagri Stores","5.0","(214)","Religious goods store","·","","H-1-110/A/92, Lane, beside Appollo Pharmacy","·","Open","⋅ Closes 10:30 pm","062814 30596","https://lh5.googleusercontent.com/p/AF1QipNzxBMtbp2EDb1l4bndcwugU9jxnMTtxzu3cikM=w123-h92-k-no","In-store shopping","·","Kerbside pickup"
"https://www.google.com/maps/place/Kalyan+Pooja+Gruha+%28Store%29/data=!4m7!3m6!1s0x3bcb99ce147b281d:0xefe27818873e551c!8m2!3d17.3884975!4d78.4877478!16s%2Fg%2F11bw4rxgjw!19sChIJHSh7FM6ZyzsRHFU-hxh44u8?authuser=0&hl=en&rclk=1","Kalyan Pooja Gruha (Store)","4.7","(6)","Religious goods store","·","","4-5-527, Opposite Police Station Sultan Bazar","·","Open","⋅ Closes 10 pm","090305 79397","https://lh3.googleusercontent.com/gps-proxy/ALd4DhGrGwYRol62UObmhB29Ow0bGL9yIIN3qW6EwFatuXXn91ncHL9sCiM61pnQyhZEvoCb3oWQxNDWciTXXzNuyUZbFB6tbseHirmEheYnYl7bi4UKNtLMijTBNAm1xu0ibakR-q8G3zHqZ3FDQqfsaq6OZBzBxO7atIOLUW4asg6K5A0V_zNj-9PRiGLkZOkkLWAUEBk=w163-h92-k-no","Delivery","",""
"https://www.google.com/maps/place/Sri+Venkateswara+Pooja+Samagri+Store/data=!4m7!3m6!1s0x3bcb97c7b6f9a70f:0xcb2395a653b55a03!8m2!3d17.3698378!4d78.3862247!16s%2Fg%2F11jcbfhb3r!19sChIJD6f5tseXyzsRA1q1U6aVI8s?authuser=0&hl=en&rclk=1","Sri Venkateswara Pooja Samagri Store","4.8","(47)","Home goods store","","","·","","Open","⋅ Closes 9 pm","098663 46038","https://lh5.googleusercontent.com/p/AF1QipPuqhqAoskItstkf778u2D128SLlMLKJHRqppFk=w80-h177-k-no","In-store shopping","·","Delivery"
"https://www.google.com/maps/place/Vedajanani+Pooja+Stores/data=!4m7!3m6!1s0x3bcb98cd9ad13305:0xac875396d719d180!8m2!3d17.3734015!4d78.5628682!16s%2Fg%2F11bydjxkq1!19sChIJBTPRms2YyzsRgNEZ15ZTh6w?authuser=0&hl=en&rclk=1","Vedajanani Pooja Stores","4.5","(300)","Store","·","","·","9HC7+X44, Plot No :36/A, Arunodaya Nagar Colony, Road No 3, Bandlaguda, Nagole","Open","⋅ Closes 9 pm","","https://lh5.googleusercontent.com/p/AF1QipPQmtnENTT2Cs9N7F1L0G7cgTZRttX4d_Gm-eWT=w122-h92-k-no","In-store pick-up","·","Delivery"
"https://www.google.com/maps/place/Sri+Yagnaa+Pooja+Samagri+Stores+Manikonda/data=!4m7!3m6!1s0x3bcb9778af184203:0x8956faa125e73a37!8m2!3d17.4073137!4d78.3887752!16s%2Fg%2F11qqgbjdd8!19sChIJA0IYr3iXyzsRNzrnJaH6Vok?authuser=0&hl=en&rclk=1","Sri Yagnaa Pooja Samagri Stores Manikonda","4.7","(137)","Religious goods store","·","","Besides Preetam Hospital, Lanco Hills Rd","·","Open","⋅ Closes 10 pm","091004 44933","https://lh5.googleusercontent.com/p/AF1QipMa4ADwaWqUWI31bSLMAjuV64ENDwCc4jhZZN2N=w163-h92-k-no","In-store shopping","·","Kerbside pickup"
"https://www.google.com/maps/place/SRI+SAI+POOJA+SAMAGRI/data=!4m7!3m6!1s0x3bcb90c8df927c91:0x2401f575b1206efb!8m2!3d17.4345981!4d78.4481078!16s%2Fg%2F11c139b981!19sChIJkXyS38iQyzsR-24gsXX1ASQ?authuser=0&hl=en&rclk=1","SRI SAI POOJA SAMAGRI","4.1","(947)","Religious goods store","·","","·","7- Oppite:- KANAKA DURGA TEMPLE 7-1, 165, Balkampet Rd","Open","⋅ Closes 9:30 pm","040 2374 5578","https://lh5.googleusercontent.com/p/AF1QipOU_Wp_p1-d91IyliCTuFQ2ZZq8gXxztQLgBeWb=w163-h92-k-no","Delivery","",""
"https://www.google.com/maps/place/Sai+Pooja+Stores/data=!4m7!3m6!1s0x3bcb9885333b8465:0x421569703c0d6fea!8m2!3d17.34718!4d78.531946!16s%2Fg%2F1q2vy85h1!19sChIJZYQ7M4WYyzsR6m8NPHBpFUI?authuser=0&hl=en&rclk=1","Sai Pooja Stores","4.4","(101)","Religious goods store","·","","Shop No-3, Sai Balaji Homes, Beside HP Gas Agency, Near Indra Nagendra Theatre Karmanghat","·","Open","⋅ Closes 9:30 pm","093932 44204","https://lh5.googleusercontent.com/p/AF1QipOe8ge2CaNA8vdUz2AqGKfWyyJjW-R6kfg3Dy-d=w122-h92-k-no","In-store pick-up","",""
"https://www.google.com/maps/place/Sri+Rudra+Pooja+Store,+Nacharam/data=!4m7!3m6!1s0x3bcb995cb83e5da1:0x7d16e8f86183cf9d!8m2!3d17.4296733!4d78.552676!16s%2Fg%2F11stvrrqj8!19sChIJoV0-uFyZyzsRnc-DYfjoFn0?authuser=0&hl=en&rclk=1","Sri Rudra Pooja Store, Nacharam","4.9","(506)","Religious goods store","·","","Nacharam - Mallapur Rd","·","Open","⋅ Closes 9 pm","089260 23456","https://lh5.googleusercontent.com/p/AF1QipNR9e5R3uLL1v5hRe84dNdjsHRnPqXk9DynmwXG=w122-h92-k-no","Delivery","",""
"https://www.google.com/maps/place/Sri+Yagnaa+Pooja+Samagri+Stores+Ameerpet/data=!4m7!3m6!1s0x3bcb9143f6a1453d:0x1c0e9976834fff81!8m2!3d17.4297598!4d78.4462349!16s%2Fg%2F11h8j4j2hl!19sChIJPUWh9kORyzsRgf9Pg3aZDhw?authuser=0&hl=en&rclk=1","Sri Yagnaa Pooja Samagri Stores Ameerpet","4.9","(77)","Religious goods store","·","","H.no:8-2, 1/6/B, Srinagar Colony Main Rd, opp. Axis Bank","·","Open","⋅ Closes 9:30 pm","091004 44933","https://lh5.googleusercontent.com/p/AF1QipNNOSYoARVeUDXalaXNuGdF8074kv8aQY5o_gde=w80-h106-k-no","In-store shopping","·","Kerbside pickup"
"https://www.google.com/maps/place/Sri+Balaji+Pooja+Samagri/data=!4m7!3m6!1s0x3bcb926c437fce9f:0x32d73eaf9ae50fd9!8m2!3d17.497999!4d78.357743!16s%2Fg%2F12qhgtxq2!19sChIJn85_Q2ySyzsR2Q_lmq8-1zI?authuser=0&hl=en&rclk=1","Sri Balaji Pooja Samagri","4.7","(205)","Religious goods store","·","","·","X ROADS, opp. Hanuman Temple Road","Open","⋅ Closes 10 pm","077801 27448","https://lh5.googleusercontent.com/p/AF1QipNdfv2ks_U5IPxS_DBC1AlqbPF5LnStHzID-1wk=w163-h92-k-no","In-store pick-up","·","Delivery"
"https://www.google.com/maps/place/Sri+Guru+Datta+Pooja+Stores/data=!4m7!3m6!1s0x3bcb9ac67695e8cb:0xeda5b47fdabd1a85!8m2!3d17.5081376!4d78.504059!16s%2Fg%2F11gfm9y8lf!19sChIJy-iVdsaayzsRhRq92n-0pe0?authuser=0&hl=en&rclk=1","Sri Guru Datta Pooja Stores","4.2","(115)","Religious goods store","·","","5-29/1/4, Sri Laxmi Nagar colony, opp. to Yati House Restaurant (Aahar Restaurant, near Indira Gandhi Statue","·","Open","⋅ Closes 9:30 pm","090525 33555","https://lh5.googleusercontent.com/p/AF1QipMObDHWJu49A92i_r4jYMNO_UgTGmKd2JZm1bH0=w122-h92-k-no","Delivery","",""
"https://www.google.com/maps/place/Sri+Gayatri+Pooja+Stores/data=!4m7!3m6!1s0x3bcb91f2ba21c89f:0x9328fb123335217d!8m2!3d17.4949723!4d78.3958167!16s%2Fg%2F11cpftk449!19sChIJn8ghuvKRyzsRfSE1MxL7KJM?authuser=0&hl=en&rclk=1","Sri Gayatri Pooja Stores","4.0","(1,139)","Religious goods store","·","","·","main gate, Mig 48, beside icici bank, opp. jntu","Open","⋅ Closes 10 pm","097017 02827","https://lh5.googleusercontent.com/p/AF1QipNI8-CapoAIrh6QYUQoXgXhaW4PbUuAMJfgyBdh=w163-h92-k-no","Delivery","",""
"https://www.google.com/maps/place/A.+Narsing+Rao+Pooja+Samagri+Stores/data=!4m7!3m6!1s0x3bcb9741333a2079:0x75048092b8ac5397!8m2!3d17.4088728!4d78.4566276!16s%2Fg%2F1ptx0l2y5!19sChIJeSA6M0GXyzsRl1OsuJKABHU?authuser=0&hl=en&rclk=1","A. Narsing Rao Pooja Samagri Stores","4.1","(18)","Religious goods store","·","","10-1, 327, Street Number 7","·","Open","⋅ Closes 9:30 pm","092475 82076","https://lh3.googleusercontent.com/gps-proxy/ALd4DhEJweQZs0zqdXJT5jpVfKCUE2Rdw8IN19MTvFB2QyldOSnPgmLXDh8yWnNqEtAe-Myk2Bwz8DrglJl5dYYhX0L02CJYwW8oZ3ZklOco-znmfNLx46u2NxOmRJr6WUD3-uu-i4NYpC1ONm2gFBH-rRDTeSo5K0I1ZE_S7bZLL_WFQOaQwgUS6Bgxx1w6FeZ2tCbyZDk=w80-h106-k-no","Delivery","",""
"https://www.google.com/maps/place/Sai+Pooja+Samagri/data=!4m7!3m6!1s0x3bcb98e842041179:0x800ca211232e1e68!8m2!3d17.371608!4d78.541751!16s%2Fg%2F1hhx5nq2y!19sChIJeREEQuiYyzsRaB4uIxGiDIA?authuser=0&hl=en&rclk=1","Sai Pooja Samagri","4.0","(144)","Religious goods store","·","","·","9GCR+JPR, New Nagole Main Rd","Open","⋅ Closes 10 pm","063091 30785","https://lh5.googleusercontent.com/p/AF1QipO_IwtvMnHmTT8Sa5wSYRZK1f2VwqOX03ASJFgT=w122-h92-k-no","Delivery","",""
"https://www.google.com/maps/place/Dhaakshani+All+Pooja+Samagri+Wholesale+%26+Retail,+Hyderabad,+India/data=!4m7!3m6!1s0x3bcb93d731b87971:0xf9b625910f76dcb7!8m2!3d17.4305632!4d78.3329805!16s%2Fg%2F11q1pd_dnn!19sChIJcXm4MdeTyzsRt9x2D5Eltvk?authuser=0&hl=en&rclk=1","Dhaakshani All Pooja Samagri Wholesale & Retail, Hyderabad, India","4.5","(38)","Religious goods store","·","","back gate, My Home Vihanga Rd","","Open 24 hours","","","https://lh5.googleusercontent.com/p/AF1QipPWwFYaEPewUUj-dMgfCquRfeYipZ9N8Jf6lSt1=w122-h92-k-no","Delivery","",""
"https://www.google.com/maps/place/Jai+Bhavani+Pooja+Samagri/data=!4m7!3m6!1s0x3bcba27ecf13606f:0x682ef817e010e05c!8m2!3d17.3324546!4d78.5258931!16s%2Fg%2F11bv1nwzkt!19sChIJb2ATz36iyzsRXOAQ4Bf4Lmg?authuser=0&hl=en&rclk=1","Jai Bhavani Pooja Samagri","4.4","(38)","Religious goods store","·","","H. No. 1-153, Shop No. 2, Opp. Venkateswara Temple, Jillelaguda,","·","Open","⋅ Closes 10 pm","084999 84883","https://lh5.googleusercontent.com/p/AF1QipMfuJkKiyuDKtrH2K2wLwxGFm7F670wqqXqRt4=w122-h92-k-no","""Upto 80% products you get here.""","",""
"https://www.google.com/maps/place/Manikanta+Pooja+Store/data=!4m7!3m6!1s0x3bcba1e7e88616e5:0x42e07053e5636e9a!8m2!3d17.3298512!4d78.5875091!16s%2Fg%2F11f020xnv9!19sChIJ5RaG6OehyzsRmm5j5VNw4EI?authuser=0&hl=en&rclk=1","Manikanta Pooja Store","4.2","(394)","Religious goods store","·","","·","8HHQ+W2R, Rd Number 5","Open","⋅ Closes 10 pm","099491 64321","https://lh5.googleusercontent.com/p/AF1QipMu9yKnIejOT8ugikI2ro5eTcp0LleYX9g8_H86=w122-h92-k-no","Delivery","",""
"https://www.google.com/maps/place/Sri+Yagnaa+Pooja+Samagri+Stores+Krishna+Nagar/data=!4m7!3m6!1s0x3bcb9101e74b7387:0x4d36ad682d6cafe2!8m2!3d17.4305047!4d78.4283026!16s%2Fg%2F11mwspzqcp!19sChIJh3NL5wGRyzsR4q9sLWitNk0?authuser=0&hl=en&rclk=1","Sri Yagnaa Pooja Samagri Stores Krishna Nagar","4.8","(50)","Religious goods store","·","","·","H.No- 8-3-231/F/43/5, Green Bawarchi Line, beside Ganesh Rice Stores","Open","⋅ Closes 10 pm","095023 26964","https://lh5.googleusercontent.com/p/AF1QipPCJ8fkevpXpRIAZEBIxkht_Lz8h8C6qis5iiz7=w88-h92-k-no","In-store shopping","·","Delivery"
"https://www.google.com/maps/place/Sri+Kamadhenu+Pooja+Samagri/data=!4m7!3m6!1s0x3bcb93268db85b03:0xc018c4303fa01870!8m2!3d17.5020173!4d78.3181107!16s%2Fg%2F11p14vc75x!19sChIJA1u4jSaTyzsRcBigPzDEGMA?authuser=0&hl=en&rclk=1","Sri Kamadhenu Pooja Samagri","4.6","(74)","Religious goods store","·","","1, 36/1 8/1, Ameenpur Rd","","Open","⋅ Closes 10 pm","","https://lh5.googleusercontent.com/p/AF1QipM7b9h7lNUCOZTNG0ktpDg8OrQmryQy5zZn4i0W=w199-h92-k-no","""Everything for pooja is available at affordable price""","",""
"https://www.google.com/maps/place/Sri+Sai+Pooja+Samagri/data=!4m7!3m6!1s0x3bcb9a22022cff45:0xa51e1253410569a9!8m2!3d17.435312!4d78.496647!16s%2Fg%2F1vvr4pss!19sChIJRf8sAiKayzsRqWkFQVMSHqU?authuser=0&hl=en&rclk=1","Sri Sai Pooja Samagri","3.9","(348)","Religious goods store","·","","·","7-1-379, Maruthi Veedhi, behind Ragavendra Hotel","Open","⋅ Closes 9 pm","040 2771 1178","https://lh5.googleusercontent.com/p/AF1QipO357RTn3qV3La3BVtv5btt1h8DuYYMyDe9cp-E=w163-h92-k-no","In-store pick-up","·","Delivery"
"https://www.google.com/maps/place/Naresh+Pooja+Samagri/data=!4m7!3m6!1s0x3bcb92916031111b:0xc6ca68c5ccc33145!8m2!3d17.4941994!4d78.3232135!16s%2Fg%2F1pv0cg_3w!19sChIJGxExYJGSyzsRRTHDzMVoysY?authuser=0&hl=en&rclk=1","Naresh Pooja Samagri","4.3","(27)","Religious goods store","·","","Shop No. 4-123, Manjeera Rd, opp. Vicky Function Hall","·","Open","⋅ Closes 9:15 pm","095056 20928","https://lh5.googleusercontent.com/p/AF1QipNE_B39G01y4OiTV-kAovd7mS8jYv86S0alhJ68=w122-h92-k-no","Delivery","",""
"https://www.google.com/maps/place/Trinetra+Pooja+Samagri/data=!4m7!3m6!1s0x3bcb9c794d9926d5:0x64eef0d07b41ceb0!8m2!3d17.4859721!4d78.556225!16s%2Fg%2F11j154pbs3!19sChIJ1SaZTXmcyzsRsM5Be9Dw7mQ?authuser=0&hl=en&rclk=1","Trinetra Pooja Samagri","3.9","(36)","Religious goods store","·","","·","Ecil: 1-19-86/81, Ashok Enclave (Plot No 81 Near Saritha Dental Clinic, Netaji Nagar 'X' Roads Old Kapra Muncipal Office Road, Trimulgherry - ECIL Rd","Open","⋅ Closes 9 pm","090002 82325","https://lh5.googleusercontent.com/p/AF1QipNb_8jc8pJiLRWkrzAYMDw1YoBSGDyrGN6uIFQI=w80-h142-k-no","In-store shopping","·","Kerbside pickup"
"https://www.google.com/maps/place/Pooja+stores/data=!4m7!3m6!1s0x3bcb9a94a9b9616b:0x81b9863250614b98!8m2!3d17.4900287!4d78.4961323!16s%2Fg%2F11clgd4hgt!19sChIJa2G5qZSayzsRmEthUDKGuYE?authuser=0&hl=en&rclk=1","Pooja stores","4.2","(68)","General store","·","","Plot no 125","·","Open","⋅ Closes 9:30 pm","098490 72059","https://lh5.googleusercontent.com/p/AF1QipPlWjUppK0KN366oXSBKaoLriFCr7reGpkros-N=w80-h142-k-no","Delivery","",""
"https://www.google.com/maps/place/Sri+Vijayalaxmi+Pooja+Store/data=!4m7!3m6!1s0x3bcb9520ee845dcd:0xc4857be18a2f3e2c!8m2!3d17.3944821!4d78.3743731!16s%2Fg%2F11h00pccvc!19sChIJzV2E7iCVyzsRLD4viuF7hcQ?authuser=0&hl=en&rclk=1","Sri Vijayalaxmi Pooja Store","4.7","(32)","Religious goods store","·","","Neknampur Road Huda, Neknampur","·","Open","⋅ Closes 9 pm","092478 01307","https://lh5.googleusercontent.com/p/AF1QipNggDT_FtJGK1Ms7QG5fVtB5VoSU6rRdL60GUjo=w80-h106-k-no","In-store shopping","·","Delivery"
"https://www.google.com/maps/place/Online+poojan+samagri+Store/data=!4m7!3m6!1s0x3bcb979a01696401:0x15d2831890cb79dc!8m2!3d17.3740083!4d78.4682581!16s%2Fg%2F11gtymmqs7!19sChIJAWRpAZqXyzsR3HnLkBiD0hU?authuser=0&hl=en&rclk=1","Online poojan samagri Store","4.5","(13)","Religious goods store","·","","14-4-27","","Open","⋅ Closes 6 pm","","https://lh5.googleusercontent.com/p/AF1QipODbsdym3n-m9MrzJUz4WN7GTHGGKCfOX-CT3Sl=w89-h92-k-no","Delivery","",""
"https://www.google.com/maps/place/Sri+vaishnavi+pooja+stores/data=!4m7!3m6!1s0x3bcb8f40e822b779:0xa65e4089f0acaf4!8m2!3d17.5432988!4d78.4382901!16s%2Fg%2F11kmyhx794!19sChIJebci6ECPyzsR9MoKnwjkZQo?authuser=0&hl=en&rclk=1","Sri vaishnavi pooja stores","4.8","(8)","Religious goods store","·","","H.no 5-311/1, plot no. 460 2nd om janda","·","Open","⋅ Closes 10 pm","099922 29526","https://lh5.googleusercontent.com/p/AF1QipP52maGUgjOsNMLcvU-sxtIguMqze-2q5hwoqpN=w198-h92-k-no","Delivery","",""
"https://www.google.com/maps/place/OM+SHREE+POOJA+SAMAGRI+STORE/data=!4m7!3m6!1s0x3bcb97f64a0dd0ef:0x53a5a80676213c57!8m2!3d17.3493128!4d78.4733563!16s%2Fg%2F1q5bm2s8j!19sChIJ79ANSvaXyzsRVzwhdgaopVM?authuser=0&hl=en&rclk=1","OM SHREE POOJA SAMAGRI STORE","4.0","(37)","Religious goods store","·","","·","#23-5-502/3, Near Venkat Rao School, opp. GO GAS Pump","Open","⋅ Closes 10 pm","093934 16191","https://lh5.googleusercontent.com/p/AF1QipNa8iCI_DHTzTlh0mV95JGSbtJPWCuJ3YdJL0R4=w125-h92-k-no","Delivery","",""
"https://www.google.com/maps/place/SRIKARA+POOJA+STORES/data=!4m7!3m6!1s0x3bcb99ec8597eff1:0x373fffd13d1c2d9f!8m2!3d17.3688638!4d78.5253787!16s%2Fg%2F11h_smjd6n!19sChIJ8e-XheyZyzsRny0cPdH_Pzc?authuser=0&hl=en&rclk=1","SRIKARA POOJA STORES","5.0","(2)","Religious goods store","·","","at Pillar no. 1534, Left lane, Shop no.1, near Sri Kanaka Durga Maatha Temple","·","Open","⋅ Closes 7:30 pm","099668 86070","https://lh5.googleusercontent.com/p/AF1QipM2ptA3zlhF5NWubjfWSje3UKmUiXQZg4NO981b=w163-h92-k-no","In-store shopping","·","Delivery"
"https://www.google.com/maps/place/Shabari+Pooja+Stores+%26+Kerala+Store/data=!4m7!3m6!1s0x3bcb9a18b057e873:0x892736646c4d762!8m2!3d17.4351189!4d78.4970375!16s%2Fg%2F11bz0s8p0w!19sChIJc-hXsBiayzsRYtfERmZzkgg?authuser=0&hl=en&rclk=1","Shabari Pooja Stores & Kerala Store","4.3","(45)","Religious goods store","·","","17-1-604, Station Road","·","Open","⋅ Closes 9:30 pm","099492 75852","https://lh5.googleusercontent.com/p/AF1QipPIMg2icFtrUC6x4CyszipIp9NRVoogXl-6QTHO=w80-h106-k-no","Delivery","",""
"https://www.google.com/maps/place/Sri+Vijaya+Pooja+Samagri+Stores/data=!4m7!3m6!1s0x3bcb91f9d0e81883:0xed2ee25e2164073b!8m2!3d17.5044275!4d78.3877361!16s%2Fg%2F1tmphzdd!19sChIJgxjo0PmRyzsROwdkIV7iLu0?authuser=0&hl=en&rclk=1","Sri Vijaya Pooja Samagri Stores","3.8","(154)","Religious goods store","·","","·","Nizampet Rd","Open","⋅ Closes 9:30 pm","","https://lh5.googleusercontent.com/p/AF1QipMu0msAiwp2XAKs9ha2CXAhMnvkCLeQ6NGV3051=w80-h142-k-no","Delivery","",""
"https://www.google.com/maps/place/Sai+Pooja+Samagri+Store/data=!4m7!3m6!1s0x3bcb9171943fe2bd:0x5a8cabf65e0f9543!8m2!3d17.4596796!4d78.4002352!16s%2Fg%2F1pp2x5744!19sChIJveI_lHGRyzsRQ5UPXvarjFo?authuser=0&hl=en&rclk=1","Sai Pooja Samagri Store","3.8","(78)","Religious goods store","·","","·","Plot No: 264, near Leaf Hospital","Open","⋅ Closes 10 pm","098482 32259","https://lh3.googleusercontent.com/gps-proxy/ALd4DhGyN-t4cj1eg1zoyNDJvrJQtyJQubPacE5ZvMhnyDlvQiS0azskyiwN64F6ey_pKSZSYBqk5R-H9DKzcnZswgd21mtXZYb2fdHJw0VY-mhVjXeKvUo8bWqlMUDP3KmtPa_-4geHoJvH1I9UGe8xF1VEEeQzrK4OQWi7b_0f6HTImdwqdoQA6Kl96txnx_-yptai12I=w122-h92-k-no","In-store pick-up","·","Delivery"
"https://www.google.com/maps/place/SRI+SAI+MANJUNATHA+POOJA+STORES/data=!4m7!3m6!1s0x3bcba3453c3703a7:0x5167e125636635d4!8m2!3d17.3244691!4d78.5535638!16s%2Fg%2F11shk9vnjh!19sChIJpwM3PEWjyzsR1DVmYyXhZ1E?authuser=0&hl=en&rclk=1","SRI SAI MANJUNATHA POOJA STORES","4.6","(42)","Store","·","","·","ZP Rd, opp. MedPlus","Open","⋅ Closes 9:30 pm","","https://lh5.googleusercontent.com/p/AF1QipNWNVc8-68ZZp5Cg2-Tg0dsRqb0L5o1ET4GC2mY=w204-h92-k-no","In-store shopping","·","Kerbside pickup"
"https://www.google.com/maps/place/Balaji+poojan+samagri/data=!4m7!3m6!1s0x3bcb97eb52fc0a09:0x86ad7a2e8883139b!8m2!3d17.3617926!4d78.4354686!16s%2Fg%2F11r3m5mpbz!19sChIJCQr8UuuXyzsRmxODiC56rYY?authuser=0&hl=en&rclk=1","Balaji poojan samagri","4.9","(27)","Religious goods store","·","","Hanuman mandir, Bharathi complex, beside HDFC bank ATM","·","Open","⋅ Closes 10 pm","096664 00367","https://lh5.googleusercontent.com/p/AF1QipNLtW95Cwmy_SizA1WrMIV-7PrGy7bYL3DHAnCg=w80-h142-k-no","""Good quality and reasonable price","","pooja"
"https://www.google.com/maps/place/Panditji+Pooja+Store/data=!4m7!3m6!1s0x3bcb9725f5ab2493:0xe02ab1691480eb6!8m2!3d17.3765218!4d78.4663068!16s%2Fg%2F11r3hhttyp!19sChIJkySr9SWXyzsRtg5IkRarAg4?authuser=0&hl=en&rclk=1","Panditji Pooja Store","4.7","(66)","Religious goods store","·","","H.no 14-4-239/5 Shah Inayath Gunj, Goshamahal","·","Open","⋅ Closes 10 pm","083281 34870","https://lh5.googleusercontent.com/p/AF1QipOQMS3u7X1bGNgcUHGwf7hnFamjytsVT8phkh6W=w204-h92-k-no","In-store pick-up","·","Delivery"
"https://www.google.com/maps/place/sri+sai+durga+pooja+samagri+wholesale+and+retail/data=!4m7!3m6!1s0x3bcb9199fedfa277:0x512c39142f487046!8m2!3d17.4677261!4d78.3979364!16s%2Fg%2F11tnlygmyz!19sChIJd6Lf_pmRyzsRRnBILxQ5LFE?authuser=0&hl=en&rclk=1","sri sai durga pooja samagri wholesale and retail","4.9","(46)","Religious goods store","·","","LIG-89, Green Hills Rd","·","Open","⋅ Closes 9 pm","094408 91550","https://lh5.googleusercontent.com/p/AF1QipP08xoMp7duI-Fe94CO-fy7SXOzBSuHdu0Z_AiM=w122-h92-k-no","Delivery","",""
"https://www.google.com/maps/place/Sri+Vijaya+Pooja+Samagri/data=!4m7!3m6!1s0x3bcb90c8e47adaed:0x83b2a0e4cdc84ff6!8m2!3d17.4349244!4d78.4486378!16s%2Fg%2F11b7xfh9c3!19sChIJ7dp65MiQyzsR9k_IzeSgsoM?authuser=0&hl=en&rclk=1","Sri Vijaya Pooja Samagri","3.9","(95)","Religious goods store","·","","·","House No. 7, 1-98/1, beside Sheesh Mahal Theatre Road, opposite Punjabh Sindhu Bank","Open","⋅ Closes 10 pm","091212 89090","https://lh5.googleusercontent.com/p/AF1QipOrSRkk3zKjDNtTgHxkjsnPdcOxiKUiAtTsEV23=w163-h92-k-no","Delivery","",""
"https://www.google.com/maps/place/Sri+Vijaya+Pooja+Samagri/data=!4m7!3m6!1s0x3bcb9418e2364975:0xdb7348b4c7f2f304!8m2!3d17.4007706!4d78.3788736!16s%2Fg%2F11btwk25_g!19sChIJdUk24hiUyzsRBPPyx7RIc9s?authuser=0&hl=en&rclk=1","Sri Vijaya Pooja Samagri","3.7","(250)","Religious goods store","·","","·","Venkateswara Temple, Plot No. 334, Shaikpet Main Rd, Near Swamy Village","Open","⋅ Closes 9:30 pm","084134 02224","https://lh5.googleusercontent.com/p/AF1QipMII8wnERztmfmkW9hfUKsmg3PwbREVg7Af_OYk=w80-h106-k-no","""Most of the pooja items are available here at reasonable price.""","",""
"https://www.google.com/maps/place/Aadhigurus+Pooja+Stores/data=!4m7!3m6!1s0x3bcb95a15c91b23f:0xe1ee72447c48306f!8m2!3d17.3867889!4d78.356749!16s%2Fg%2F11kc8l1rsl!19sChIJP7KRXKGVyzsRbzBIfERy7uE?authuser=0&hl=en&rclk=1","Aadhigurus Pooja Stores","4.8","(12)","Religious goods store","·","","2-85, Market Road","·","Open","⋅ Closes 9 pm","089852 32523","https://lh5.googleusercontent.com/p/AF1QipOfc_hgeu6FM1tVZ42OPAUUnS-p9nUhjn5LsAoJ=w122-h92-k-no","In-store shopping","·","In-store pick-up"
"https://www.google.com/maps/place/Gowshik+Pooja+Samagri+Store/data=!4m7!3m6!1s0x3bcb99af4cae07f7:0xf0e3be3d413aef2a!8m2!3d17.3981146!4d78.4940936!16s%2Fg%2F11h6yvgk0s!19sChIJ9weuTK-ZyzsRKu86QT2-4_A?authuser=0&hl=en&rclk=1","Gowshik Pooja Samagri Store","4.5","(4)","General store","·","","Narayanguda Cross road, beside Vegetable Market Road","·","Open","⋅ Closes 9:30 pm","073374 23354","https://lh5.googleusercontent.com/p/AF1QipOMpr5Zr3K37e1TM6jyWHqMuIj3zHsps3NgpBQ4=w122-h92-k-no","In-store shopping","·","Delivery"
"https://www.google.com/maps/place/Sree+Sai+Datta+Pooja+Samagri/data=!4m7!3m6!1s0x3bcb96577308f401:0x21403f56cce31c1d!8m2!3d17.3741685!4d78.4196704!16s%2Fg%2F11c5x7r2v3!19sChIJAfQIc1eWyzsRHRzjzFY_QCE?authuser=0&hl=en&rclk=1","Sree Sai Datta Pooja Samagri","4.3","(16)","Market","·","","9/1, 34/45/B","·","Open","⋅ Closes 10:30 pm","073966 67416","https://lh5.googleusercontent.com/p/AF1QipMj4TECQQHowuNOKqcSfT9kVB5uXRx6XuzWZ1MZ=w122-h92-k-no","","",""
"https://www.google.com/maps/place/sri+Shiva+sai+pooja+Store/data=!4m7!3m6!1s0x3bcb99049fb62529:0xc77c5efa75108e2f!8m2!3d17.3857196!4d78.5278531!16s%2Fg%2F11c3t07m8c!19sChIJKSW2nwSZyzsRL44QdfpefMc?authuser=0&hl=en&rclk=1","sri Shiva sai pooja Store","4.7","(13)","Store","·","","near venkatreddynagar busstop","·","Open","⋅ Closes 10 pm","094921 71744","https://lh5.googleusercontent.com/p/AF1QipP1KO8aQj97KPxwUIqYxa83XC8mT5JrTSjRu5j5=w80-h106-k-no","In-store shopping","·","Delivery"
"https://www.google.com/maps/place/Sri+Vijaya+Pooja+Samagri/data=!4m7!3m6!1s0x3bcb911c07f6c065:0xf9013dd1dfbb463c!8m2!3d17.45417!4d78.423989!16s%2Fg%2F1pp2twyp1!19sChIJZcD2BxyRyzsRPEa739E9Afk?authuser=0&hl=en&rclk=1","Sri Vijaya Pooja Samagri","4.4","(27)","Religious goods store","","","·","","Open","⋅ Closes 9:30 pm","040 4012 3778","https://lh3.googleusercontent.com/gps-proxy/ALd4DhH0M6UShPlthAeQm9Jmhi85tlGVG02PLzGVrNW3PLJUz5DfOF-1euNmLNAgbo__9bWcCqXhKUD2ZckTbiBUjwKaS9nhzkZ3-XrKBXIl6WpUhw0Xfd4rIz7AbQCttDQFRBA5Ky2xrrImkUfUBEQpcZ473GuMuaZRsDcVWPY9LWofyGXqK9dsr1xTioc-fqXL1zf5M44=w122-h92-k-no","Delivery","",""
"https://www.google.com/maps/place/poojadhravyam18+POOJA+SAMAGRI+STORE/data=!4m7!3m6!1s0x3bcb9927b519c3a1:0x1c938dd0ccb4e0b!8m2!3d17.4091629!4d78.5440797!16s%2Fg%2F11f3cmxpyh!19sChIJocMZtSeZyzsRC07LDN04yQE?authuser=0&hl=en&rclk=1","poojadhravyam18 POOJA SAMAGRI STORE","4.4","(52)","Gift shop","·","","·","Captain Veera Raja Reddy Marg, opp. Himavathi Apartments","Open","⋅ Closes 9 pm","090006 66149","https://lh5.googleusercontent.com/p/AF1QipM7Ch-bRIme3vs7PB4V2RgmINye1L_m1o33HHaz=w163-h92-k-no","In-store shopping","·","Kerbside pickup"
"https://www.google.com/maps/place/MARUTHI+POOJA+STORES+%26+HOME+NEEDS/data=!4m7!3m6!1s0x3bcb98c69b9eb999:0x62c0393492351d48!8m2!3d17.3671318!4d78.5506997!16s%2Fg%2F1ygbbbgqw!19sChIJmbmem8aYyzsRSB01kjQ5wGI?authuser=0&hl=en&rclk=1","MARUTHI POOJA STORES & HOME NEEDS","4.4","(27)","Grocery store","·","","Road No. 5","·","Open","⋅ Closes 10 pm","092474 04546","https://lh5.googleusercontent.com/p/AF1QipOcRSVBhSVvOzGoWgXGhSlHL6kDGe8ghFHIkTkP=w122-h92-k-no","Delivery","",""
"https://www.google.com/maps/place/Shiva+Sai+Pooja+samagri/data=!4m7!3m6!1s0x3bcb904be302a359:0x8660e0c28c14eaf7!8m2!3d17.5000841!4d78.4295574!16s%2Fg%2F11bv3vqkqm!19sChIJWaMC40uQyzsR9-oUjMLgYIY?authuser=0&hl=en&rclk=1","Shiva Sai Pooja samagri","5.0","(45)","Store","·","","H.No 41-12, near, Markendaya Hotel Road, near markandaya hotel, beside Temple","·","Open","⋅ Closes 10 pm","097008 68880","https://lh5.googleusercontent.com/p/AF1QipOInXHz01m1ZMUWViw6MZHHv-bXSyzKHQShPLZJ=w138-h92-k-no","In-store pick-up","·","Delivery"
"https://www.google.com/maps/place/Ayyappa+pooja+stores/data=!4m7!3m6!1s0x3bcb9bf0b0191bd1:0xf18a19103e45b9fc!8m2!3d17.4539783!4d78.562765!16s%2Fg%2F11h9k2q5pj!19sChIJ0RsZsPCbyzsR_LlFPhAZivE?authuser=0&hl=en&rclk=1","Ayyappa pooja stores","5.0","(101)","Religious goods store","·","","5-11-49, Mother Theresa School lane, beside Gopal Jewelry","·","Open","⋅ Closes 10:30 pm","099896 77716","https://lh5.googleusercontent.com/p/AF1QipPBEuwzPlqN4E6EnxdW-a8ZW1zdeBib51tv7gIe=w80-h177-k-no","On-site services","",""
"https://www.google.com/maps/place/Dhatri+Pooja+Samagri+%28+Dhatri+stores%29/data=!4m7!3m6!1s0x3bcb93d372661fb9:0x87d279089a14a6b0!8m2!3d17.4601293!4d78.3544989!16s%2Fg%2F11rfd9g33q!19sChIJuR9mctOTyzsRsKYUmgh50oc?authuser=0&hl=en&rclk=1","Dhatri Pooja Samagri ( Dhatri stores)","4.3","(47)","Religious goods store","·","","Botanical garden road, Main Rd, near medplus","·","Open","⋅ Closes 9 pm","073821 17798","https://lh5.googleusercontent.com/p/AF1QipMm4H90QSQr2M_0pu8OTJrPEbIRwnRtojPOz85D=w116-h92-k-no","Delivery","",""
"https://www.google.com/maps/place/SRI+MAYURI+POOJA+SAMAGRI+-+Best+Pooja+Store+In+Hyderabad/data=!4m7!3m6!1s0x3bcb937b9049c4d5:0x891a075eda99f27a!8m2!3d17.4885541!4d78.3817249!16s%2Fg%2F11s4rqw31n!19sChIJ1cRJkHuTyzsRevKZ2l4HGok?authuser=0&hl=en&rclk=1","SRI MAYURI POOJA SAMAGRI - Best Pooja Store In Hyderabad","4.7","(85)","Religious goods store","·","","Sri mayuri pooja samagri, kphb 9th phase, bloomingdale building, ground floor Kphb 9th phase , gokul plots circle","·","Open","⋅ Closes 10 pm","081850 33999","https://lh5.googleusercontent.com/p/AF1QipNMGLXKe9X9MJuq9qpCuxFdL42PM14-bWofbDZ9=w80-h122-k-no","In-store shopping","·","Delivery"
"https://www.google.com/maps/place/Chaitanya+Coconut+Traders+%26+Pooja+Store/data=!4m7!3m6!1s0x3bcb99cd87dc821b:0x25c8cfe7214a5be8!8m2!3d17.384076!4d78.4896796!16s%2Fg%2F1tgj_2d_!19sChIJG4Lch82ZyzsR6FtKIefPyCU?authuser=0&hl=en&rclk=1","Chaitanya Coconut Traders & Pooja Store","4.5","(63)","Religious goods store","·","","·","4-6-395, Esamia Bazar Rd","Open","⋅ Closes 10 pm","099492 28823","https://lh5.googleusercontent.com/p/AF1QipPAEFg8EkTnK_Vm3_9hhGEGd2etKlInY3Mz1MIJ=w163-h92-k-no","Delivery","",""
"https://www.google.com/maps/place/Gokul+Pooja+Stores/data=!4m7!3m6!1s0x3bcb9705935f973f:0x3ac39c54b201a380!8m2!3d17.3866566!4d78.4399802!16s%2Fg%2F1hm36f0wh!19sChIJP5dfkwWXyzsRgKMBslScwzo?authuser=0&hl=en&rclk=1","Gokul Pooja Stores","3.8","(14)","Religious goods store","·","","·","Gudi Malkapur Rd, opposite saibaba temple","Open","⋅ Closes 9 pm","098668 41517","https://lh3.googleusercontent.com/gps-proxy/ALd4DhGSIvTQ_HGpdnnkS5Xl40FKIMRHg8Vit80B88SeSbZGxRGhuTyhEuc9syb1vuWu0PR0-h0CUskUXv4LUdvfKHnbatN2pLyE3nBUPK9W-w_FMgYj_PIpm4IEuhmBt0HVyWq92zv-oBWrIvdRgwKtyD_OtdOyTVcHMGTEk0jLmC3aKjxG_QOEHKSxiP3eSVB7EsJhww=w122-h92-k-no","In-store shopping","·","In-store pick-up"
"https://www.google.com/maps/place/Sri+Renuka+Yellamma+Pooja+stores/data=!4m7!3m6!1s0x3bcb9f0c37aa11e9:0xcf867062f9fccbcd!8m2!3d17.3707308!4d78.5716863!16s%2Fg%2F11j0tvtxc6!19sChIJ6RGqNwyfyzsRzcv8-WJwhs8?authuser=0&hl=en&rclk=1","Sri Renuka Yellamma Pooja stores","4.6","(48)","Store","·","","Nagole - Bandlaguda Rd","·","Open","⋅ Closes 10 pm","090307 91950","https://lh5.googleusercontent.com/p/AF1QipP_qlNiOyBU7DpUM2hegsxEgDsxYWuB9FDsyS-T=w122-h92-k-no","In-store shopping","·","Delivery"
"https://www.google.com/maps/place/Hanuman+pooja+store/data=!4m7!3m6!1s0x3bcb9f5a2df93657:0x108df900b9230a58!8m2!3d17.3984141!4d78.6051932!16s%2Fg%2F11ncbnw4mf!19sChIJVzb5LVqfyzsRWAojuQD5jRA?authuser=0&hl=en&rclk=1","Hanuman pooja store","4.9","(37)","Religious goods store","","","·","","Open","⋅ Closes 9 pm","098662 77222","https://lh5.googleusercontent.com/p/AF1QipPkJF5_2HFysdVh-dW-qZqv-kD6lvjmC7ivZRnT=w163-h92-k-no","Delivery","",""
"https://www.google.com/maps/place/Sri+Vijaya+Pooja+Samagri/data=!4m7!3m6!1s0x3bcb91eadabbfb77:0xf26ff2524a3d5986!8m2!3d17.4941339!4d78.4048587!16s%2Fg%2F1pty8zj5h!19sChIJd_u72uqRyzsRhlk9SlLyb_I?authuser=0&hl=en&rclk=1","Sri Vijaya Pooja Samagri","3.8","(126)","Religious goods store","·","","Near Usha Mullapudi Common, Behind South India Shopping Mall, Usha Mullapudi Road","·","Open","⋅ Closes 10:30 pm","092461 16722","https://lh5.googleusercontent.com/p/AF1QipPaA960odlSzD82FOVDSSAplDYepCJFn_hbJEoZ=w80-h106-k-no","Delivery","",""
"https://www.google.com/maps/place/Sri+Sai+Pooja+Stores/data=!4m7!3m6!1s0x3bcb97bd4b135181:0x3d74a4c197ecf77d!8m2!3d17.3528936!4d78.3894323!16s%2Fg%2F11fhlxjqtc!19sChIJgVETS72XyzsRfffsl8GkdD0?authuser=0&hl=en&rclk=1","Sri Sai Pooja Stores","4.3","(48)","Religious goods store","·","","Kismatpur Rd, beside Apollo Pharmacy","·","Open","⋅ Closes 9 pm","093918 51849","https://lh5.googleusercontent.com/p/AF1QipPt-7PQ4x1OOPJc5A1RJC7lg0VWTz1vVxAHH5Yq=w204-h92-k-no","""Good store to get all pooja related items""","",""
"https://www.google.com/maps/place/Keerthana+pooja+store/data=!4m7!3m6!1s0x3bcb99074e4d18ad:0xf896f700682091a2!8m2!3d17.4112573!4d78.5082384!16s%2Fg%2F11n_zgm5mg!19sChIJrRhNTgeZyzsRopEgaAD3lvg?authuser=0&hl=en&rclk=1","Keerthana pooja store","5.0","(5)","General store","·","","1-7-943","·","Open","⋅ Closes 10 pm","097052 67303","https://lh5.googleusercontent.com/p/AF1QipPXjXU9b7uvJ2epWQpjD8W38Iv4gYbLskCgJdo=w163-h92-k-no","In-store shopping","",""
"https://www.google.com/maps/place/Krishna+Pooja+Samagri/data=!4m7!3m6!1s0x3bcb8d5634b7cba9:0x88ae71ae74632326!8m2!3d17.5116704!4d78.3016718!16s%2Fg%2F11c702w53j!19sChIJqcu3NFaNyzsRJiNjdK5xrog?authuser=0&hl=en&rclk=1","Krishna Pooja Samagri","4.2","(54)","Craft store","·","","13-63, Main Road","·","Open","⋅ Closes 9 pm","094142 12331","https://lh5.googleusercontent.com/p/AF1QipMqX4wpImWzdMd_xoKXhBGZvN7Hwma5v19_c7fb=w80-h106-k-no","Delivery","",""
"https://www.google.com/maps/place/SRI+LAKSHMI+GANAPATHI+POOJA+SAMAGRI/data=!4m7!3m6!1s0x3bcb9bc6965d16c3:0x89e256812fa02e58!8m2!3d17.484241!4d78.4981525!16s%2Fg%2F11q4gsj5yg!19sChIJwxZdlsabyzsRWC6gL4FW4ok?authuser=0&hl=en&rclk=1","SRI LAKSHMI GANAPATHI POOJA SAMAGRI","4.2","(30)","Religious goods store","·","","Suguna nilayam","·","Open","⋅ Closes 10:30 pm","099635 87362","https://lh5.googleusercontent.com/p/AF1QipN8EZyVX55-G9i2RrdWgq-zuWcOE855_FgxWV6h=w204-h92-k-no","Delivery","",""
"https://www.google.com/maps/place/Tirumala+Pooja+smagri/data=!4m7!3m6!1s0x3bcb99330e096c7b:0xdfc7be9ef52896f5!8m2!3d17.4014944!4d78.5638909!16s%2Fg%2F1q2wk5771!19sChIJe2wJDjOZyzsR9ZYo9Z6-x98?authuser=0&hl=en&rclk=1","Tirumala Pooja smagri","5.0","(1)","Grocery store","·","","Opp. Deccan Gramena Bank, Main Road, Hyderabad - Warangal - Bhopalpatnam Hwy","·","Open","⋅ Closes 10 pm","093999 16167","https://streetviewpixels-pa.googleapis.com/v1/thumbnail?panoid=Sf7l-FogojtUOnydxIbr1w&cb_client=search.gws-prod.gps&w=80&h=92&yaw=179.24298&pitch=0&thumbfov=100","""Good and whole sale rate""","",""
"https://www.google.com/maps/place/Sri+Sai+Pooja+Samagri/data=!4m7!3m6!1s0x3bcb91eaec77b659:0x7e0c51dabc4912d0!8m2!3d17.4864486!4d78.3948051!16s%2Fg%2F1ptxynwzj!19sChIJWbZ37OqRyzsR0BJJvNpRDH4?authuser=0&hl=en&rclk=1","Sri Sai Pooja Samagri","4.0","(475)","Religious goods store","·","","·","eSeva Ln","Open","⋅ Closes 9:30 pm","076619 46060","https://lh5.googleusercontent.com/p/AF1QipNPmmBE1wZX1_65mhUj2yVf4ji__8mVojhzJm8v=w122-h92-k-no","Delivery","",""
"https://www.google.com/maps/place/Sri+Mahalaxmi+Puja+Store/data=!4m7!3m6!1s0x3bcb9961787cf1e7:0xb7e7541a948d7c9f!8m2!3d17.378169!4d78.5463882!16s%2Fg%2F11gmjpg5x7!19sChIJ5_F8eGGZyzsRn3yNlBpU57c?authuser=0&hl=en&rclk=1","Sri Mahalaxmi Puja Store","4.5","(31)","Supermarket","·","","SRL Colony Main Rd","·","Open","⋅ Closes 10 pm","090307 12090","https://lh5.googleusercontent.com/p/AF1QipMgWrNmmN4pYOp6cJJDHn9Vh_G0eOIdW91FNcSb=w163-h92-k-no","""Reasonable","","Pooja"
"https://www.google.com/maps/place/SRI+SRINIVASA+SAI+POOJA+SAMAGRI+STORES/data=!4m7!3m6!1s0x3bcb9705e6d907af:0x57c649a5d0000000!8m2!3d17.3849667!4d78.4395922!16s%2Fg%2F11s0fjkhyv!19sChIJrwfZ5gWXyzsRAAAA0KVJxlc?authuser=0&hl=en&rclk=1","SRI SRINIVASA SAI POOJA SAMAGRI STORES","4.5","(11)","General store","·","","Gudimalkapur","·","Open","⋅ Closes 9:30 pm","098857 01600","https://lh5.googleusercontent.com/p/AF1QipN9MTv8ms0_5n6msAp-CbzH3VMposwZKUCVm0IV=w163-h92-k-no","Delivery","",""
"https://www.google.com/maps/place/Bhakthi+Pooja+Samagri/data=!4m7!3m6!1s0x3bcb91efefffffdb:0x9e4dec6670a069f0!8m2!3d17.503536!4d78.3963049!16s%2Fg%2F11f0kxpw_9!19sChIJ2___7--RyzsR8GmgcGbsTZ4?authuser=0&hl=en&rclk=1","Bhakthi Pooja Samagri","4.9","(80)","Religious goods store","·","","H No.2-23-487,Plot No.380,HMT Hills, Backside Ramalayam,JNTU Roaf","·","Open","⋅ Closes 10 pm","080999 96014","https://lh5.googleusercontent.com/p/AF1QipOZIhJqVi1pMO7KmjRKx4w59E9AVLGz3mW4FGnd=w163-h92-k-no","Delivery","",""
"https://www.google.com/maps/place/Om+Sri+Padmalaya+Pooja+Samagri+Stores/data=!4m7!3m6!1s0x3bcb93e1291b7099:0x5c8ac20bfaa6507b!8m2!3d17.4767725!4d78.3042217!16s%2Fg%2F11s39r7k8_!19sChIJmXAbKeGTyzsRe1Cm-gvCilw?authuser=0&hl=en&rclk=1","Om Sri Padmalaya Pooja Samagri Stores","5.0","(20)","Religious goods store","·","","function hall, plot no.66 opp.ravinder reddy, road","·","Open","⋅ Closes 10 pm","094947 40945","https://lh5.googleusercontent.com/p/AF1QipPTbgCS0eLLRpYHHzyrGA04vQ_q6bRdZ--7xNjz=w163-h92-k-no","In-store pick-up","·","Delivery"
"https://www.google.com/maps/place/AYYAPPA+POOJA+STORE/data=!4m7!3m6!1s0x3bcb9d7ffbd61c41:0xf8b38c3aaa82f73!8m2!3d17.4795463!4d78.6226002!16s%2Fg%2F11k42scg47!19sChIJQRzW-3-dyzsRcy-oqsM4iw8?authuser=0&hl=en&rclk=1","AYYAPPA POOJA STORE","4.9","(170)","Religious goods store","·","","BUS STOP, Rampally Main Rd","·","Open","⋅ Closes 10:30 pm","098480 82857","https://lh5.googleusercontent.com/p/AF1QipPon35fyKG8F8Vqu4e0ueeTQocdCkUh7ss76-Nm=w80-h173-k-no","Delivery","",""
"https://www.google.com/maps/place/Sri+Padmalaya+Pooja+Stores/data=!4m7!3m6!1s0x3bcb9508e31eddd3:0x467cf58ee68197f8!8m2!3d17.4058733!4d78.3751377!16s%2Fg%2F11qg5r_rpx!19sChIJ090e4wiVyzsR-JeB5o71fEY?authuser=0&hl=en&rclk=1","Sri Padmalaya Pooja Stores","4.4","(25)","Religious goods store","·","","1-93/3/12/1","·","Open","⋅ Closes 10 pm","079951 99984","https://lh5.googleusercontent.com/p/AF1QipO2EV7VP6X4iVEODk4K5VF79JjeoEml6MbfNzri=w163-h92-k-no","Delivery","",""
"https://www.google.com/maps/place/Ganesh+Narayan+Pooja+Samagri/data=!4m7!3m6!1s0x3bcb97b1821a34d1:0x867c627898b1d206!8m2!3d17.3615523!4d78.4362698!16s%2Fg%2F11ckqr9x9q!19sChIJ0TQagrGXyzsRBtKxmHhifIY?authuser=0&hl=en&rclk=1","Ganesh Narayan Pooja Samagri","4.9","(70)","Religious goods store","·","","Sai krupa building, NM Guda Rd, near Hanuman temple Entrance, beside lane of goverdham traders","·","Open","⋅ Closes 11 pm","079816 18897","https://lh5.googleusercontent.com/p/AF1QipNWFhQBYhAB_72jsm0WrdBa040SwMD2emGRZfcz=w163-h92-k-no","In-store shopping","·","Delivery"
"https://www.google.com/maps/place/R.K+Pooja+Stores/data=!4m7!3m6!1s0x3bcb91ccf57bf9d5:0x8abd06d0555da18b!8m2!3d17.501877!4d78.426897!16s%2Fg%2F1q5gmbj2v!19sChIJ1fl79cyRyzsRi6FdVdAGvYo?authuser=0&hl=en&rclk=1","R.K Pooja Stores","4.5","(26)","Grocery store","·","","·","Durgamma Temple, Shop No.H-37-105, Main Road, near Last Bus Stop, opposite Durga Mata Temple","Open","⋅ Closes 9 pm","094400 33569","https://lh5.googleusercontent.com/p/AF1QipMFPHabM6kAsouBczu0Yr3FP7sSwdPLZTC35j9y=w163-h92-k-no","Delivery","",""
"https://www.google.com/maps/place/Sreemayee+Pooja+Store/data=!4m7!3m6!1s0x3bcb91de107caa6b:0xf0c7fb552ca82bcb!8m2!3d17.4932789!4d78.3950399!16s%2Fg%2F11fk1kzvs3!19sChIJa6p8EN6RyzsRyyuoLFX7x_A?authuser=0&hl=en&rclk=1","Sreemayee Pooja Store","5.0","(30)","Home goods store","","","·","","Open","⋅ Closes 10 pm","092461 18767","https://lh5.googleusercontent.com/p/AF1QipPy_NEseVQgHbnC62LccMDH6NdoGSRi54FNUA7L=w80-h106-k-no","Delivery","",""
"https://www.google.com/maps/place/Satguru+Pooja+Samagri+Store/data=!4m7!3m6!1s0x3bcbbd29f7f14093:0x392308d71db0994!8m2!3d17.3117493!4d78.4383497!16s%2Fg%2F11lrh3_vj8!19sChIJk0Dx9ym9yzsRlAnbcY0wkgM?authuser=0&hl=en&rclk=1","Satguru Pooja Samagri Store","3.9","(9)","Store","·","","8C6Q+M8X, Old Kurnool Rd, beside swapna theater","","Open","⋅ Closes 10 pm","","https://lh5.googleusercontent.com/p/AF1QipPquxOw_wgLHvpWHTRfxjsKyhMl2voj2w_3kclP=w163-h92-k-no","""All items of POOJA samigree available here on fixd MRP rate.""","",""
"https://www.google.com/maps/place/OM+SAI+POOJA+SAMAGRI/data=!4m7!3m6!1s0x3bcb9aa9d0c47ec3:0x5630287016f48bc5!8m2!3d17.5126789!4d78.4754099!16s%2Fg%2F11c138jl7x!19sChIJw37E0KmayzsRxYv0FnAoMFY?authuser=0&hl=en&rclk=1","OM SAI POOJA SAMAGRI","4.3","(15)","Religious goods store","·","","·","PLOT NO:-5, opsite:, KONARK HOSPITAL, Pipe Line Rd","Open","⋅ Closes 10 pm","063091 30785","https://lh5.googleusercontent.com/p/AF1QipPVWTGe6yZa_b1-8FmeVYSlrtv1OgPSABCtoZF3=w80-h106-k-no","Delivery","",""
"https://www.google.com/maps/place/Hari+Annapurna+Pooja+Store/data=!4m7!3m6!1s0x3bcb91cb46fd1901:0xfbdbb9d91f951ba2!8m2!3d17.4991409!4d78.428832!16s%2Fg%2F11f1hhksyt!19sChIJARn9RsuRyzsRohuVH9m52_s?authuser=0&hl=en&rclk=1","Hari Annapurna Pooja Store","4.1","(34)","Store","·","","Unnamed Road","","Open 24 hours","","","https://lh5.googleusercontent.com/p/AF1QipNsksF5sKi8IYH63ih2b6-qyAPr4Rkw2LPzxuoM=w122-h92-k-no","Delivery","",""
"https://www.google.com/maps/place/SRI+SAI+SANGMESHWARA+POOJA+SAMAGRI+AND+KIRANA/data=!4m7!3m6!1s0x3bcb9196e962159d:0x880e159c67f89e63!8m2!3d17.469314!4d78.4212587!16s%2Fg%2F11tczlwysj!19sChIJnRVi6ZaRyzsRY574Z5wVDog?authuser=0&hl=en&rclk=1","SRI SAI SANGMESHWARA POOJA SAMAGRI AND KIRANA","5.0","(72)","Store","·","","12-7-133/3, opposite CHITTARAMMA TEMPLE, near by GHMC office","·","Open","⋅ Closes 9 pm","099897 51360","https://lh5.googleusercontent.com/p/AF1QipPeB4tRhaWa4CPBgko1PEgJ0q8h2f0ukQc6ZYaw=w80-h106-k-no","Delivery","",""
"https://www.google.com/maps/place/Aacharya+Silks+And+Pooja+Store/data=!4m7!3m6!1s0x3bcb936b34cdbb27:0x12d0c885857aabcb!8m2!3d17.4410773!4d78.3606226!16s%2Fg%2F11t2cmvl_w!19sChIJJ7vNNGuTyzsRy6t6hYXI0BI?authuser=0&hl=en&rclk=1","Aacharya Silks And Pooja Store","4.6","(34)","Religious goods store","·","","G5, Kanhaiyalal Complex, Main, Nehru Outer Ring Rd","·","Open","⋅ Closes 9 pm","090635 13506","https://lh5.googleusercontent.com/p/AF1QipPBx8rUU_1qWJ5uxxuRGZIRZ-2Nt5Rfi8GuA7CC=w80-h106-k-no","Delivery","",""
"https://www.google.com/maps/place/Sri+tulja+bhavani+pooja+stores/data=!4m7!3m6!1s0x3bcb9151354ed2dd:0x39766414610d0d3b!8m2!3d17.5078879!4d78.4610547!16s%2Fg%2F11g4dy4k6h!19sChIJ3dJONVGRyzsROw0NYRRkdjk?authuser=0&hl=en&rclk=1","Sri tulja bhavani pooja stores","4.8","(8)","Religious goods store","·","","Quthbullapur Main Rd","","Open","⋅ Closes 10 pm","","https://lh5.googleusercontent.com/p/AF1QipNQGB1B8oXaxCuNHy6l2Fd1xMvzn5Saa83yV_6g=w194-h92-k-no","In-store pick-up","·","Delivery"
"https://www.google.com/maps/place/Sri+Gayatri+pooja+store+%26+Wholesale+Retail+distributors,+Hyderabad/data=!4m7!3m6!1s0x3bcb93f205e74daf:0x3db2ce2de1ee80d4!8m2!3d17.5060946!4d78.3095732!16s%2Fg%2F11j4cvlqv0!19sChIJr03nBfKTyzsR1IDu4S3Osj0?authuser=0&hl=en&rclk=1","Sri Gayatri pooja store & Wholesale Retail distributors, Hyderabad","5.0","(7)","Religious goods store","·","","Hno 23-117, beside ganesh temple","·","Open 24 hours","","094911 24192","https://lh5.googleusercontent.com/p/AF1QipNSkY7I99tBI1sFwxJEz4zgXrqOO74F-m-ZggJw=w163-h92-k-no","In-store pick-up","·","Delivery"
"https://www.google.com/maps/place/Laxmi+Narasimha+Pooja+Store/data=!4m7!3m6!1s0x3bcb912bca42c843:0x8173760a472aa862!8m2!3d17.4290215!4d78.4266785!16s%2Fg%2F1ptwf8r0f!19sChIJQ8hCyiuRyzsRYqgqRwp2c4E?authuser=0&hl=en&rclk=1","Laxmi Narasimha Pooja Store","3.8","(26)","Religious goods store","·","","Shop Number 7, Kamalapura Colony, Phase 3, Jubilee Hills Road Number 2","·","Open","⋅ Closes 8 pm","083416 12632","https://lh3.googleusercontent.com/gps-proxy/ALd4DhEyU0ab-fGitBmp-cDSxj6Tn-9k_W5dDQfvFn1-C6ommBdJqc1qTyumiU-pOyDof0NN1k0ZEveXxKxn2dHHqqF2b9yJf_Y0uTLRG7qyDvhBEM3pS1X24FOVRQoOIV87DAe8nMZd4j6NOCQvEgyBdmQF4ieQfWRlCpgCL1zk0wMRU3bkSbv2zHOjoPfbtN56Olb8-78=w122-h92-k-no","Delivery","",""
"https://www.google.com/maps/place/Shreekara+Pooja+Store/data=!4m7!3m6!1s0x3bcb9b0ee927e619:0xec41d92d063b36e2!8m2!3d17.4855858!4d78.4944151!16s%2Fg%2F11qb4fjnsj!19sChIJGeYn6Q6byzsR4jY7Bi3ZQew?authuser=0&hl=en&rclk=1","Shreekara Pooja Store","4.7","(10)","General store","·","","H No 1/30/34, PN 38, Military Dairy Farm Road, opposite Ganesh Temple","·","Open","⋅ Closes 9 pm","074084 06444","https://lh5.googleusercontent.com/p/AF1QipM_o0OpgKfH-YWRdq4G8iCrkT31IscSqWF8Zzne=w122-h92-k-no","Delivery","",""
"https://www.google.com/maps/place/G+V+R+MANU%27S+POOJA+STORE/data=!4m7!3m6!1s0x3bcb93f323dcaedd:0x8e2309bcc86307b1!8m2!3d17.5020398!4d78.3620219!16s%2Fg%2F11vyj12cch!19sChIJ3a7cI_OTyzsRsQdjyLwJI44?authuser=0&hl=en&rclk=1","G V R MANU'S POOJA STORE","3.8","(15)","Religious goods store","·","","Datta Sai nagar colony, Plot no .63, Bollaram Rd, opp. narenn Garden","","Open","⋅ Closes 10 pm","","https://lh5.googleusercontent.com/p/AF1QipO9j6uwhPtmu046Ti_XLaoaxVQr4xyQZFKY_bym=w122-h92-k-no","Delivery","",""
"https://www.google.com/maps/place/Sri+Manikanta+Pooja+Stores+best+Pooja+store/data=!4m7!3m6!1s0x3bcb98f476db0985:0x95d03bcf70f70fe7!8m2!3d17.3510455!4d78.5634929!16s%2Fg%2F11c3mr85d5!19sChIJhQnbdvSYyzsR5w_3cM870JU?authuser=0&hl=en&rclk=1","Sri Manikanta Pooja Stores best Pooja store","3.8","(13)","General store","·","","·","Sahara road op masjid, Mansoorabad Rd","Open","⋅ Closes 10 pm","","https://lh5.googleusercontent.com/p/AF1QipNd6hIVB4BauMGY-PCJBpxYly0EBUdc6k1UMjVy=w163-h92-k-no","In-store pick-up","",""
"https://www.google.com/maps/place/SAMASTHA+POOJA+SAMAGRI/data=!4m7!3m6!1s0x3bcb970f1ee0a435:0xc297726c45c451ec!8m2!3d17.3680839!4d78.3943099!16s%2Fg%2F11t4k16q71!19sChIJNaTgHg-XyzsR7FHERWxyl8I?authuser=0&hl=en&rclk=1","SAMASTHA POOJA SAMAGRI","5.0","(2)","Indian grocery store","·","","3-27/3, beside Sri Om Medical Lane, near Netha Bazar Building","·","Open","⋅ Closes 10 pm","076708 80118","https://lh5.googleusercontent.com/p/AF1QipNcOWnimerV5x6miziln8Qu-UCoU2Id4esw141s=w122-h92-k-no","In-store shopping","·","In-store pick-up"
"https://www.google.com/maps/place/Harsha+Sree+Pooja+Samagri+Wholesale+%26+Retail+Store/data=!4m7!3m6!1s0x3bcb998d9d1546f9:0x764c8d29fd1e0f40!8m2!3d17.349008!4d78.4792293!16s%2Fg%2F11fj2xrcn0!19sChIJ-UYVnY2ZyzsRQA8e_SmNTHY?authuser=0&hl=en&rclk=1","Harsha Sree Pooja Samagri Wholesale & Retail Store","3.8","(5)","Religious goods store","·","","8FXH+JM5, Unnamed Road","·","Open","⋅ Closes 10 pm","079957 10335","https://lh5.googleusercontent.com/p/AF1QipOpVN1vmPIPEtNM6HcmAZrBEiHUjD3c2d7IzTw8=w80-h142-k-no","In-store pick-up","·","Delivery"
"https://www.google.com/maps/place/Balaji+pooja+samagri+%26+stationary/data=!4m7!3m6!1s0x3bcb93630b5c4277:0xd63bba2197f704!8m2!3d17.5073645!4d78.3647587!16s%2Fg%2F11sfrsntkj!19sChIJd0JcC2OTyzsRBPeXIbo71gA?authuser=0&hl=en&rclk=1","Balaji pooja samagri & stationary","4.5","(16)","Religious goods store","","","·","","Open","⋅ Closes 9:30 pm","082978 33555","https://lh5.googleusercontent.com/p/AF1QipMFXhvEA3n5W8SMJ1JZy97HX8qVWxcFBZbh-obl=w163-h92-k-no","In-store pick-up","·","Delivery"
"https://www.google.com/maps/place/Sri+kamakshi+Pooja+Samagri+Stores/data=!4m7!3m6!1s0x3bcb9293d8aa46bb:0x63f4dc3327bd89db!8m2!3d17.4941837!4d78.3234677!16s%2Fg%2F1ptzqvqpm!19sChIJu0aq2JOSyzsR24m9JzPc9GM?authuser=0&hl=en&rclk=1","Sri kamakshi Pooja Samagri Stores","3.7","(42)","Religious goods store","·","","·","4-118/1, Venkateshwara Temple, Manjeera Rd","Open","⋅ Closes 9 pm","092461 16722","https://lh5.googleusercontent.com/p/AF1QipNetLya4-WBZj494HQnb9jrqH3Kl8COcl4ibmDL=w122-h92-k-no","Delivery","",""
"https://www.google.com/maps/place/Sree+Lakshmi+Pooja+Stores/data=!4m7!3m6!1s0x3bcb93cba97b0cad:0x38b67f0c0b56c897!8m2!3d17.4653984!4d78.3648618!16s%2Fg%2F11b67nl_gk!19sChIJrQx7qcuTyzsRl8hWCwx_tjg?authuser=0&hl=en&rclk=1","Sree Lakshmi Pooja Stores","4.1","(27)","Collectibles store","·","","·","F987+5W5, Near Venkateshwara Swany Temple","Open","⋅ Closes 9:30 pm","085229 61855","https://lh5.googleusercontent.com/p/AF1QipNwKi7lIA9---m1zojpuQQXZB9-ixbVrsqh3ghC=w130-h92-k-no","Delivery","",""
"https://www.google.com/maps/place/Sri+Sai+Ram+Pooja+Samagri+Stores/data=!4m7!3m6!1s0x3bcb91296826f119:0x3d47a51f430ee131!8m2!3d17.4311563!4d78.4257783!16s%2Fg%2F11bwh5vyc0!19sChIJGfEmaCmRyzsRMeEOQx-lRz0?authuser=0&hl=en&rclk=1","Sri Sai Ram Pooja Samagri Stores","4.1","(62)","Grocery store","·","","·","Metro Pillar 1546, Ack Bahavn","Open","⋅ Closes 10 pm","090304 26427","https://lh5.googleusercontent.com/p/AF1QipNqzGBxU_AtA7JXHIyTXcIgUtBSMCb0vYImbq0w=w122-h92-k-no","Delivery","",""
"https://www.google.com/maps/place/SHARADA+POOJA+STORE/data=!4m7!3m6!1s0x3bcb971eb03862eb:0x42bab93540d5d9ef!8m2!3d17.4161882!4d78.4114658!16s%2Fg%2F11k9my75y3!19sChIJ62I4sB6XyzsR79nVQDW5ukI?authuser=0&hl=en&rclk=1","SHARADA POOJA STORE","5.0","(3)","Religious goods store","·","","A28, Road No. 3","·","Open","⋅ Closes 9 pm","072074 52173","https://lh5.googleusercontent.com/p/AF1QipPxYB9GYc6mvImvGnuW1PLUB5KQd_f2ZCkeyx4W=w80-h93-k-no","In-store shopping","·","Kerbside pickup"
"https://www.google.com/maps/place/Puja+samagri+shop/data=!4m7!3m6!1s0x3bcb99482872cdcb:0xec8814544a56f641!8m2!3d17.3883934!4d78.4873055!16s%2Fg%2F11j8b_0w29!19sChIJy81yKEiZyzsRQfZWSlQUiOw?authuser=0&hl=en&rclk=1","Puja samagri shop","4.7","(3)","Store","·","","9FQP+9W3, Sultan Bazar Rd","","Open","⋅ Closes 8 pm","","https://lh5.googleusercontent.com/p/AF1QipP-CAZD97kuYLW0gRUrZPKhGvvX7-4XdYo6-M_x=w163-h92-k-no","Delivery","",""
"https://www.google.com/maps/place/AYYAPPA+POOJA+STORE/data=!4m7!3m6!1s0x3bcb9f5f66b18523:0x4a2b58bd6a52f698!8m2!3d17.3958018!4d78.5915421!16s%2Fg%2F11ts_1mrtn!19sChIJI4WxZl-fyzsRmPZSar1YK0o?authuser=0&hl=en&rclk=1","AYYAPPA POOJA STORE","4.9","(110)","Religious goods store","·","","9HWR+8J5","·","Open","⋅ Closes 10 pm","090002 37731","https://lh5.googleusercontent.com/p/AF1QipOQcHezUDmpBs6G-ZluKYunfcQ3g4a6oUV0zzZb=w80-h106-k-no","Delivery","",""
"https://www.google.com/maps/place/Sri+Venkateshwara+Pooja+Store/data=!4m7!3m6!1s0x3bcb96a44551ad13:0xc32577b94abcab93!8m2!3d17.4071705!4d78.392081!16s%2Fg%2F11f0199vpq!19sChIJE61RRaSWyzsRk6u8Srl3JcM?authuser=0&hl=en&rclk=1","Sri Venkateshwara Pooja Store","4.2","(13)","Home goods store","·","","C94R+VR8","·","Open","⋅ Closes 10 pm","097048 88066","https://lh5.googleusercontent.com/p/AF1QipPphguQIUjfM73S6cwghxIw7mk2qcdLj9XMx56v=w122-h92-k-no","Delivery","",""
"https://www.google.com/maps/place/Sri+Siddi+Vinayaka+Pooja+Store/data=!4m7!3m6!1s0x3bcb8e1d2f3736ab:0x81c9e465241bdf87!8m2!3d17.5187975!4d78.393648!16s%2Fg%2F11g7d9wxgv!19sChIJqzY3Lx2OyzsRh98bJGXkyYE?authuser=0&hl=en&rclk=1","Sri Siddi Vinayaka Pooja Store","4.4","(12)","Home goods store","·","","871, Pragathi Nagar Rd","·","Open","⋅ Closes 10 pm","099591 90862","https://lh5.googleusercontent.com/p/AF1QipO7zkXMQ4pmoGxMNjwK-WsgxWKJc1NX_AGspEOC=w80-h142-k-no","""Good for photo frames and other pooja items""","",""
"https://www.google.com/maps/place/Sri+Venkateshwara+Pooja+Samagri+And+General+Store/data=!4m7!3m6!1s0x3bcb913ff3d41be5:0x5d619dc9b2b9083c!8m2!3d17.4592659!4d78.4010024!16s%2Fg%2F11f8nshpw8!19sChIJ5RvU8z-RyzsRPAi5ssmdYV0?authuser=0&hl=en&rclk=1","Sri Venkateshwara Pooja Samagri And General Store","4.5","(13)","Store","·","","Allapur Rd","·","Open","⋅ Closes 10 pm","098663 05784","https://lh5.googleusercontent.com/p/AF1QipPSyMKUolumHeMbkvxEqq8fm6mO6tLbMRel9dtw=w122-h92-k-no","""All Pooja items available for reasonable prices""","",""
"https://www.google.com/maps/place/seshasai+pooja+stores/data=!4m7!3m6!1s0x3bcba1f90ebfe811:0xdd1476ead1088c3a!8m2!3d17.3314036!4d78.569908!16s%2Fg%2F1yhbl8c1f!19sChIJEei_DvmhyzsROowI0ep2FN0?authuser=0&hl=en&rclk=1","seshasai pooja stores","4.3","(8)","Religious goods store","·","","8HJ9+HX7, Rhythu Bazar Rd","·","Open","⋅ Closes 9 pm","098495 56295","https://lh5.googleusercontent.com/p/AF1QipMA4g3qqZzxaICKlWSfeEU0ftP98cuclAlafNqK=w163-h92-k-no","""Retail Pooja store""","",""
"https://www.google.com/maps/place/Sri+Veera+Hanuman+pooja+stores/data=!4m7!3m6!1s0x3bcb9b8c48bf0f2f:0xd159c2c53a2f248e!8m2!3d17.4776736!4d78.5584867!16s%2Fg%2F11q4gb_c8v!19sChIJLw-_SIybyzsRjiQvOsXCWdE?authuser=0&hl=en&rclk=1","Sri Veera Hanuman pooja stores","4.8","(4)","Religious goods store","·","","Hanuman temple, MIG-A 85. DR A S RAO NAGAR MAIN ROAD Street, 1, besides","·","Open","⋅ Closes 9 pm","091773 89852","https://lh5.googleusercontent.com/p/AF1QipOFFY-gz3T1weJaojq-t-oJ6yU5MU9JX88dJqOo=w163-h92-k-no","In-store shopping","",""
"https://www.google.com/maps/place/Sri+Santoshi+Pooja+Store/data=!4m7!3m6!1s0x3bcb917c0635d2f7:0x3fa243e636a1d5c!8m2!3d17.44338!4d78.3917188!16s%2Fg%2F11tj0d712x!19sChIJ99I1BnyRyzsRXB1qYz4k-gM?authuser=0&hl=en&rclk=1","Sri Santoshi Pooja Store","4.1","(35)","Craft store","·","","Madhapur Area Madhapur","","","","092478 99410","https://lh3.googleusercontent.com/gps-proxy/ALd4DhHXd1p1gyiJNS79kwGCtrdJHEJiuLCF21kJ0iv9epBTS4nx5Qy2-HYnTEVxqLMW5_qhnZzlXYl6AnJzhg6WqUQnmDQ5p_SFcLcgfg_qG0ilIpgGRSgbQriYS6QNq-GPynkyvwmTB_lmVzeIpIcWjXwEtbOlKkuCZOEXi96Y4wTlzdJK0EVfUaTvwBI3IA8ZfnK2NhU=w122-h92-k-no","Delivery","",""
"https://www.google.com/maps/place/Sri+Balaji+Pooja+Store/data=!4m7!3m6!1s0x3bcb9eb579f73773:0xd66737a3d1b9e0db!8m2!3d17.4100997!4d78.5684844!16s%2Fg%2F11bxc68s5w!19sChIJczf3ebWeyzsR2-C50aM3Z9Y?authuser=0&hl=en&rclk=1","Sri Balaji Pooja Store","4.3","(19)","Religious goods store","·","","CH69+29Q, Beside Ramalayam, Hyderabad, Swaroop Nagar Rd","·","Open","⋅ Closes 9 pm","095020 52021","https://lh5.googleusercontent.com/p/AF1QipPOLrnhqSf9KoXbyuae1iqCC_6PR-rZmvooviMs=w163-h92-k-no","""Decent and all in one Pooja store""","",""
"https://www.google.com/maps/place/Sri+Srinivasa+pooja+Samagri,+Kukatpally/data=!4m7!3m6!1s0x3bcb91d4d0beafed:0x4c4ff35ffbae9dce!8m2!3d17.4892281!4d78.4153019!16s%2Fg%2F11ssxb3d4s!19sChIJ7a--0NSRyzsRzp2u-1_zT0w?authuser=0&hl=en&rclk=1","Sri Srinivasa pooja Samagri, Kukatpally","5.0","(9)","Religious goods store","·","","Plot no 95, House 5, 3-185, opp. chintapatla venkaiah park","","Open","⋅ Closes 10 pm","","https://lh5.googleusercontent.com/p/AF1QipMSo4mfgkjt53BinAZjVkHU2J1McaRhIOELXfuP=w112-h92-k-no","Delivery","",""
"https://www.google.com/maps/place/SAI+LAKSHMI+POOJA+STORES/data=!4m7!3m6!1s0x3bcb91b6463608d5:0xc17f442db8692f76!8m2!3d17.4636554!4d78.4577844!16s%2Fg%2F11gxxh95v4!19sChIJ1Qg2RraRyzsRdi9puC1Ef8E?authuser=0&hl=en&rclk=1","SAI LAKSHMI POOJA STORES","4.5","(41)","Religious goods store","·","","90/3c, 90/3c, Madhavi Nagar Rd","·","Open","⋅ Closes 11 pm","086884 18388","https://lh5.googleusercontent.com/p/AF1QipMJ4LllDFwIBnBzGSlnXZXLftQfbJK_i4wdQdrE=w138-h92-k-no","Delivery","",""
"https://www.google.com/maps/place/S/data=!4m7!3m6!1s0x3bcb9ecc1766d6d3:0x5567d2a95126554e!8m2!3d17.4025997!4d78.5710293!16s%2Fg%2F11ggs8l_8r!19sChIJ09ZmF8yeyzsRTlUmUanSZ1U?authuser=0&hl=en&rclk=1","S","4.3","(3)","Religious goods store","·","","CH3C+2CJ","·","Open","⋅ Closes 9 pm","090306 33006","https://lh5.googleusercontent.com/p/AF1QipMKEbf0tb8pbxBLeJxXzYRwHthSOeVVi2tLkLFR=w80-h106-k-no","Delivery","",""
"https://www.google.com/maps/place/Satya+Pooja+stores/data=!4m7!3m6!1s0x3bcb91feeba10807:0xd3aa87e1134b7c0a!8m2!3d17.4724537!4d78.3893553!16s%2Fg%2F11fs5fzgyx!19sChIJBwih6_6RyzsRCnxLE-GHqtM?authuser=0&hl=en&rclk=1","Satya Pooja stores","5.0","(23)","Home goods store","·","","Lig -107/1","·","Open 24 hours","","098855 51847","https://lh5.googleusercontent.com/p/AF1QipNHy6mI4xaP3NSq3lqgEyYFUxVkOdHsltzhwN1k=w80-h106-k-no","In-store pick-up","·","Delivery"
"https://www.google.com/maps/place/P.+Sathyanarayana+Kirana+Pooja+Samagri+Store/data=!4m7!3m6!1s0x3bcb96bc5e5781d3:0xeff0c1544bb4c46b!8m2!3d17.403794!4d78.3986638!16s%2Fg%2F1yh5tgvg6!19sChIJ04FXXryWyzsRa8S0S1TB8O8?authuser=0&hl=en&rclk=1","P. Sathyanarayana Kirana Pooja Samagri Store","4.3","(7)","Religious goods store","·","","87, Sai Baba Temple Rd","·","Open","⋅ Closes 9 pm","098496 59166","https://lh5.googleusercontent.com/p/AF1QipOoCF3i7eO2na4IKMNhmTmUXZ0WynmkXRmq2gPz=w122-h92-k-no","Delivery","",""
"https://www.google.com/maps/place/Sri+Maha+Vishnu+Pooja+Stores/data=!4m7!3m6!1s0x3bcb9780bea11399:0xd037cefb99e9047e!8m2!3d17.3757335!4d78.4746602!16s%2Fg%2F1vkxkql7!19sChIJmROhvoCXyzsRfgTpmfvON9A?authuser=0&hl=en&rclk=1","Sri Maha Vishnu Pooja Stores","3.8","(5)","Religious goods store","·","","Door No 15, 8-9, Siddiamber Bazar Rd","·","Open","⋅ Closes 10 pm","040 6461 4877","https://streetviewpixels-pa.googleapis.com/v1/thumbnail?panoid=2316tHTZ19Bq7xrOVQ9AKw&cb_client=search.gws-prod.gps&w=80&h=92&yaw=286.57986&pitch=0&thumbfov=100","Delivery","",""
"https://www.google.com/maps/place/Daakshayani+pooja+store/data=!4m7!3m6!1s0x3bcb95e93480dd09:0xc7f0284ee9e2b1b5!8m2!3d17.4006733!4d78.3795695!16s%2Fg%2F11rxl1rg8j!19sChIJCd2ANOmVyzsRtbHi6U4o8Mc?authuser=0&hl=en&rclk=1","Daakshayani pooja store","4.3","(16)","General store","·","","Golden Temple Rd","·","Open","⋅ Closes 10 pm","099899 25567","https://lh5.googleusercontent.com/p/AF1QipPFp81LdCY-kf8PZv0ehV13q4E7it6BrzQPXowH=w138-h92-k-no","Delivery","",""
"https://www.google.com/maps/place/Siri+Pooja+Stores/data=!4m7!3m6!1s0x3bcb9c877849f259:0xafce99b411103a66!8m2!3d17.480382!4d78.574456!16s%2Fg%2F1tcvxwhp!19sChIJWfJJeIecyzsRZjoQEbSZzq8?authuser=0&hl=en&rclk=1","Siri Pooja Stores","4.2","(15)","Religious goods store","·","","22, First Floor, New Vegetable Market","·","Open","⋅ Closes 9 pm","098661 34353","https://lh3.googleusercontent.com/gps-proxy/ALd4DhFhrbq63glQMWjShBCI9SDhCICuroCT7od9XA2pijFmM2NAYCQ64K64DViOxumVG6vffc-VQd7nmbnWmsgCvbHU1Czds9IvTwkIen21xQoOVQWCUp-0X8i8FAXwguAOT7ojcwd7RdGttI5vhnEk9eHfAVWATzQ_QXjb7N76JUhzf1SYZiNJTNE-NXsSGvBCDHTtaWk=w122-h92-k-no","Delivery","",""
"https://www.google.com/maps/place/Pooja+Store/data=!4m7!3m6!1s0x3bcb9980b950a9d5:0xb0bd31cf53f0037c!8m2!3d17.4282483!4d78.514634!16s%2Fg%2F1ygvszy8l!19sChIJ1alQuYCZyzsRfAPwU88xvbA?authuser=0&hl=en&rclk=1","Pooja Store","4.0","(4)","Religious goods store","·","","11-1-169, Namalagundu Rd","·","Open","⋅ Closes 9:30 pm","090001 88456","https://lh5.googleusercontent.com/p/AF1QipNNQNMouyfPS-7IFfI0ZNuYzESBIEfFYaI9z4Gj=w80-h142-k-no","Delivery","",""
"https://www.google.com/maps/place/Anjana+Coconut+%26+Pooja+Stores/data=!4m7!3m6!1s0x3bcb9746cb24d817:0x54c5388bbe11f609!8m2!3d17.4088816!4d78.4564916!16s%2Fg%2F1yh9vkv2z!19sChIJF9gky0aXyzsRCfYRvos4xVQ?authuser=0&hl=en&rclk=1","Anjana Coconut & Pooja Stores","4.3","(18)","Religious goods store","·","","10-1-324, Dargah Rd","·","Open","⋅ Closes 10 pm","096760 07365","https://lh3.googleusercontent.com/gps-proxy/ALd4DhEbOI9434ID9-HBuJYEBSclPHViRJJ5-hWXCZIQ6TY97CF8LvR7iJjo3uPa5JBS7V7PALcwO4VtY_9tcUwJu1xiC56Xp8mtIPNyTzS87vjIpN5lfOg6rrm4NodxWux22qXDYKAcKmKJtsAiLPoQUMrCHAnTjzDXkoH77kPSurPrx1E2iPjLpuyQJnBmGdOOf_YKxw=w122-h92-k-no","Delivery","",""
"https://www.google.com/maps/place/arun+pooja+items+shop/data=!4m7!3m6!1s0x3bcb9796d4978371:0x15b352d7873f8f8c!8m2!3d17.3705355!4d78.4479863!16s%2Fg%2F11q99xgl5m!19sChIJcYOX1JaXyzsRjI8_h9dSsxU?authuser=0&hl=en&rclk=1","arun pooja items shop","5.0","(1)","Store","·","","shop no 1 jiyavuda 2j bus stop, near, Sabzi Mandi Rd","","","","093904 52448","https://streetviewpixels-pa.googleapis.com/v1/thumbnail?panoid=T3NY27TRNcCehzsmKyDUIg&cb_client=search.gws-prod.gps&w=80&h=92&yaw=318.8236&pitch=0&thumbfov=100","","",""
"https://www.google.com/maps/place/Bhagirathi+Pooja+Store/data=!4m7!3m6!1s0x3bcb9786ad55958b:0xbaf3b80bada505ec!8m2!3d17.3746881!4d78.4701727!16s%2Fg%2F11b8078j2b!19sChIJi5VVrYaXyzsR7AWlrQu487o?authuser=0&hl=en&rclk=1","Bhagirathi Pooja Store","4.0","(2)","Religious goods store","·","","15-7-617, 15-7-308","·","Open","⋅ Closes 9 pm","099490 64207","https://maps.gstatic.com/tactile/pane/result-no-thumbnail-2x.png","Delivery","",""
"https://www.google.com/maps/place/Venkateswara+Pooja+Store/data=!4m7!3m6!1s0x3bcb957bda5f4833:0x4779e2d79a95dc60!8m2!3d17.4077262!4d78.3809884!16s%2Fg%2F11pz1l8g3h!19sChIJM0hf2nuVyzsRYNyVmtfieUc?authuser=0&hl=en&rclk=1","Venkateswara Pooja Store","4.4","(7)","Religious goods store","·","","2-2-38/1, near Sampoorna Supermarket","","Open","⋅ Closes 10 pm","","https://lh5.googleusercontent.com/p/AF1QipOMZpCwAFqCHJI4EJq874t9AoXLLjZJ4JAkr-A=w122-h92-k-no","Delivery","",""
"https://www.google.com/maps/place/Sahasra+pooja+stores/data=!4m7!3m6!1s0x3bcba3fde85ad409:0x3acd26416c77f202!8m2!3d17.3217412!4d78.5575133!16s%2Fg%2F11gjv6qjh7!19sChIJCdRa6P2jyzsRAvJ3bEEmzTo?authuser=0&hl=en&rclk=1","Sahasra pooja stores","5.0","(3)","Store","","","·","","Open now","","090005 30782","https://lh5.googleusercontent.com/p/AF1QipPLX4UgFOGL7VBkcv6xlRRa2zEwSSmXXJoBgmLq=w163-h92-k-no","","",""
"https://www.google.com/maps/place/MeherDurga+Pooja+Store+wholesale/data=!4m7!3m6!1s0x3bcb9b261fa3e0eb:0xfa1f3778b0755988!8m2!3d17.4572361!4d78.5451877!16s%2Fg%2F11j6w4qx0z!19sChIJ6-CjHyabyzsRiFl1sHg3H_o?authuser=0&hl=en&rclk=1","MeherDurga Pooja Store wholesale","5.0","(3)","Home goods store","·","","FG4W+V3W, opp. lane to Gajanana function hall","·","Open 24 hours","","099630 41274","https://lh5.googleusercontent.com/p/AF1QipMjO8VnbpFETXYU-p3mDZ7hXbzAlD9dhmfDTwTW=w198-h92-k-no","","",""
"https://www.google.com/maps/place/Sai+hanuman+pooja+store/data=!4m7!3m6!1s0x3bcb98c4125aabff:0xce416340127523cc!8m2!3d17.3682066!4d78.5500634!16s%2Fg%2F11cs1sk1f_!19sChIJ_6taEsSYyzsRzCN1EkBjQc4?authuser=0&hl=en&rclk=1","Sai hanuman pooja store","4.4","(8)","General store","·","","Shop no.12-59/1, Road no.3, I, t. colony, sri ramakrushnapuram, Kothapet,, Hydera","·","Open","⋅ Closes 9 pm","090309 29229","https://lh5.googleusercontent.com/p/AF1QipPUkIUlMBRWPczJ8Ohszec2PN07zcNPYK1-d69m=w80-h175-k-no","Delivery","",""
"https://www.google.com/maps/place/Shyamala+Pooja+Stores/data=!4m7!3m6!1s0x3bcb9761d6fa9bb7:0x451aaa19ff3ed23f!8m2!3d17.394755!4d78.4515285!16s%2Fg%2F11s0q00k3r!19sChIJt5v61mGXyzsRP9I-_xmqGkU?authuser=0&hl=en&rclk=1","Shyamala Pooja Stores","5.0","(1)","Home goods store","·","","Andhra bank","·","Open","⋅ Closes 9:11 pm","099517 43353","https://lh5.googleusercontent.com/p/AF1QipOoJn83IxWmZPZ1Pi7U8spt9bj-uhx2vteBaJhA=w80-h106-k-no","","",""
"https://www.google.com/maps/place/Om+Sri+Manikhanta+Pooja+Samaghri/data=!4m7!3m6!1s0x3bcb9b762b5ee92f:0x8e4379a7509d24ba!8m2!3d17.4772446!4d78.5516387!16s%2Fg%2F1pp2x8p76!19sChIJL-leK3abyzsRuiSdUKd5Q44?authuser=0&hl=en&rclk=1","Om Sri Manikhanta Pooja Samaghri","3.5","(14)","Religious goods store","·","","# 30, G.K. Nagar, Sainathpuram, A.S.","·","Open","⋅ Closes 11 pm","099893 02693","https://lh3.googleusercontent.com/gps-proxy/ALd4DhFtT7kwc6dr4aW6QMkeSbMIO2R7g6Kv7kN25F_sJDA9WMWERedTJC0tmevCCuKcI065zvHJH4-3fQYfF8Hu07VI4X_YQshi9qTNUwpfyPz1uGmhVLaTSJHuBz2gsi1Pi6LYzGOn6CNoeDSZ1In6oqfViZKB2rwyPsfLr_tFG_a8NDlA7SVKGhMIsXtPhteiVRnbug=w122-h92-k-no","Delivery","",""
"https://www.google.com/maps/place/Sai+Balaji+Pooja+Samagri/data=!4m7!3m6!1s0x3bcb9786d078021f:0x46973cf9652f8962!8m2!3d17.37399!4d78.4719163!16s%2Fg%2F1tqfzssw!19sChIJHwJ40IaXyzsRYokvZfk8l0Y?authuser=0&hl=en&rclk=1","Sai Balaji Pooja Samagri","4.6","(20)","Store","·","","15-6-229/1/F, D R Complex & Mama Complex, Begum Bazaar, Begum Bazaar 500012","·","Open","⋅ Closes 9 pm","040 2474 1829","https://lh5.googleusercontent.com/p/AF1QipPoNkHBwHTtnMzi3PgWG_-89StYm9tyGurQtWhJ=w163-h92-k-no","Delivery","",""
"https://www.google.com/maps/place/Sri+Tulji+Bhavani+Pooja+store/data=!4m7!3m6!1s0x3bcb9a44de906d27:0xe2e2f222d1d44088!8m2!3d17.4630569!4d78.5061367!16s%2Fg%2F11bvvxr42j!19sChIJJ22Q3kSayzsRiEDU0SLy4uI?authuser=0&hl=en&rclk=1","Sri Tulji Bhavani Pooja store","3.7","(7)","Religious goods store","·","","FG74+6FC, Plot Lbr House, Main, Road No. 6","·","Open","⋅ Closes 10 pm","099635 54649","https://streetviewpixels-pa.googleapis.com/v1/thumbnail?panoid=Cg_2tdRKQ9vDZf5FpOr6Tg&cb_client=search.gws-prod.gps&w=80&h=92&yaw=353.96082&pitch=0&thumbfov=100","Delivery","",""
"https://www.google.com/maps/place/Sri+lakshmi+narsimha+swamy+pooja+stores/data=!4m7!3m6!1s0x3bcb933d31588ad9:0xd915413022fe7e76!8m2!3d17.4912166!4d78.3515676!16s%2Fg%2F11mm9wdk_d!19sChIJ2YpYMT2TyzsRdn7-IjBBFdk?authuser=0&hl=en&rclk=1","Sri lakshmi narsimha swamy pooja stores","4.4","(9)","Religious goods store","·","","Gachibowli - Miyapur Rd","·","Open","⋅ Closes 10 pm","070360 87782","https://lh5.googleusercontent.com/p/AF1QipP8wVntNhiErH4BIuDJep-ryGOMYYy7lzK5_vw0=w122-h92-k-no","In-store shopping","·","Delivery"
"https://www.google.com/maps/place/Sree+Krishna+Pooja+Stores/data=!4m7!3m6!1s0x3bcb9b0922239377:0x7455013ce42fb7d0!8m2!3d17.4818577!4d78.5371392!16s%2Fg%2F1yh802961!19sChIJd5MjIgmbyzsR0Lcv5DwBVXQ?authuser=0&hl=en&rclk=1","Sree Krishna Pooja Stores","4.0","(2)","Religious goods store","·","","H.No. # 29, 34, Neredmet X Rd","·","Open","⋅ Closes 9 pm","098660 83080","https://lh3.googleusercontent.com/gps-proxy/ALd4DhGLhDJsXFbfwIC6aoER7Xt5HUUjPPy96snPzJn4FkPaWuJvW-Ig0sJ8sM4HS6MV2IKgOL_x2LuJ6ZOl8tgBPg2VVxYqjuH0FUJDgpUwBFJljIdoR1aCOODdnsDhdLJG8JrIwhYwqCvGwLwstIpPOK2KYrIE0HVlZzIEApc8voLYvJMkfBbiHir5wYJajFGJVxhRQg=w80-h106-k-no","Delivery","",""
