index,Name,Address,Category,Phone,Website,Maps_url
0,Hotel Atlas Stays Kukatpally,"Plot no-20, Phase 2, Hyderabad",,,,https://www.bing.com/maps?cp=17.495990753173828%7E78.39898681640625&lvl=16.0&q=Hotel%20Atlas%20Stays%20Kukatpally%20%2C%20Plot%20no-20%2C%20Phase%202%2C%20Hyderabad
1,Ellaa Hotels,"Hill Ridge Springs, Gachibowli, Hyderabad",,,,https://www.bing.com/maps?cp=17.441843032836914%7E78.34447479248047&lvl=16.0&q=Ellaa%20Hotels%20%2C%20Hill%20Ridge%20Springs%2C%20Gachibowli%2C%20Hyderabad
2,Hotel Meredian Grand,"Kattula Pochaiah Residency, 23161, NH 44, Madhura Nagar, Shamshabad, Hyderabad",,,,https://www.bing.com/maps?cp=17.260984420776367%7E78.3855972290039&lvl=16.0&q=Hotel%20Meredian%20Grand%20%2C%20Kattula%20Pochaiah%20Residency%2C%2023161%2C%20NH%2044%2C%20Madhura%20Nagar%2C%20Shamshabad%2C%20Hyderabad
3,OYO Flagship 35467 Shiridi Residency Near Birla Mandir,"Shiridi Residency 4-1-987 Opposite To, Shanthabai Narsingh Home Rajyalaxi, Hyderabad",,,,https://www.bing.com/maps?cp=17.391437530517578%7E78.47620391845703&lvl=16.0&q=OYO%20Flagship%2035467%20Shiridi%20Residency%20Near%20Birla%20Mandir%20%2C%20Shiridi%20Residency%204-1-987%20Opposite%20To%2C%20Shanthabai%20Narsingh%20Home%20Rajyalaxi%2C%20Hyderabad
4,Flagship 45433 Sree Radha Lodge Near Snow World,"9-4-207, Plot No 57 Regimental Bazaar, Shivaji Nagar, Secunderabad",,,,https://www.bing.com/maps?cp=17.435199737548828%7E78.502197265625&lvl=16.0&q=Flagship%2045433%20Sree%20Radha%20Lodge%20Near%20Snow%20World%20%2C%209-4-207%2C%20Plot%20No%2057%20Regimental%20Bazaar%2C%20Shivaji%20Nagar%2C%20Secunderabad
5,Home Sri Balaji Luxary Rooms Near Inorbit Mall Cyberabad,"Babukhan Lane, Kondapur, Serilingampalle Mandal, Near Double Tree Hilton Hotel, Hyderabad",,,,https://www.bing.com/maps?cp=17.441892623901367%7E78.36756896972656&lvl=16.0&q=Home%20Sri%20Balaji%20Luxary%20Rooms%20Near%20Inorbit%20Mall%20Cyberabad%20%2C%20Babukhan%20Lane%2C%20Kondapur%2C%20Serilingampalle%20Mandal%2C%20Near%20Double%20Tree%20Hilton%20Hotel%2C%20Hyderabad
6,OYO 61549 Shiva Sadan Lodge,"48263, Ecil Bus Terminal Road, Opp, Ecil Main Rd, South Kamala Nagar, SS Enclave, Moula Ali, Secunderabad, Hyderabad",,,,https://www.bing.com/maps?cp=17.472850799560547%7E78.56980895996094&lvl=16.0&q=OYO%2061549%20Shiva%20Sadan%20Lodge%20%2C%2048263%2C%20Ecil%20Bus%20Terminal%20Road%2C%20Opp%2C%20Ecil%20Main%20Rd%2C%20South%20Kamala%20Nagar%2C%20SS%20Enclave%2C%20Moula%20Ali%2C%20Secunderabad%2C%20Hyderabad
7,OYO 46557 Hotel Dolphin,"1/A IDA, N H 163 (old 22), Hyderabad Warangal Hwy Road, IDA Bhongir.Yadadri Bhongir Dist, Nalgonda",,,,https://www.bing.com/maps?cp=17.504371643066406%7E78.86062622070312&lvl=16.0&q=OYO%2046557%20Hotel%20Dolphin%20%2C%201%2FA%20IDA%2C%20N%20H%20163%20(old%2022)%2C%20Hyderabad%20Warangal%20Hwy%20Road%2C%20IDA%20Bhongir.Yadadri%20Bhongir%20Dist%2C%20Nalgonda
8,New Royal Presidency Lodge,"16-10-27/105/20, Municipal Complex, Beside Yashoda Hospital Above Union Bank, Amberpet",,,,https://www.bing.com/maps?cp=17.37408447265625%7E78.501220703125&lvl=16.0&q=New%20Royal%20Presidency%20Lodge%20%2C%2016-10-27%2F105%2F20%2C%20Municipal%20Complex%2C%20Beside%20Yashoda%20Hospital%20Above%20Union%20Bank%2C%20Amberpet
9,SPOT ON Sindhu Lodge,"10, Ennugulagada, Gandhi Nagar, Reddy Colony, Hanamkonda",,,,https://www.bing.com/maps?cp=18.0064697265625%7E79.57079315185547&lvl=16.0&q=SPOT%20ON%20Sindhu%20Lodge%20%2C%2010%2C%20Ennugulagada%2C%20Gandhi%20Nagar%2C%20Reddy%20Colony%2C%20Hanamkonda
10,Marigold Hotel,"7-1-25, Ameerpet Rd, Leelanagar, Begumpet, Hyderabad",,,,https://www.bing.com/maps?cp=17.435523986816406%7E78.45501708984375&lvl=16.0&q=Marigold%20Hotel%20%2C%207-1-25%2C%20Ameerpet%20Rd%2C%20Leelanagar%2C%20Begumpet%2C%20Hyderabad
11,Metro Lodge,"In the Lane Opposite to Anmol/Fine Bangles, Lad Bazaar, Charminar, Hyderabad",,,,https://www.bing.com/maps?cp=17.36131477355957%7E78.4738540649414&lvl=16.0&q=Metro%20Lodge%20%2C%20In%20the%20Lane%20Opposite%20to%20Anmol%2FFine%20Bangles%2C%20Lad%20Bazaar%2C%20Charminar%2C%20Hyderabad
12,Celebrity Resort,"Survey No.1222, Karimnagar Highway, ORR Circle, Hyderabad",,,,https://www.bing.com/maps?cp=17.532318115234375%7E78.65637969970703&lvl=16.0&q=Celebrity%20Resort%20%2C%20Survey%20No.1222%2C%20Karimnagar%20Highway%2C%20ORR%20Circle%2C%20Hyderabad
13,OYO Flagship 80484G Hotel Srinivasa Grand,"5-4-708, Nampally Station Road, Old Kattal Mandi, Abids, Hyderabad",,,,https://www.bing.com/maps?cp=17.3878173828125%7E78.47542572021484&lvl=16.0&q=OYO%20Flagship%2080484G%20Hotel%20Srinivasa%20Grand%20%2C%205-4-708%2C%20Nampally%20Station%20Road%2C%20Old%20Kattal%20Mandi%2C%20Abids%2C%20Hyderabad
14,Sowbhagya Resorts,"Keesara - Yadagirigutta Rd, Mallapur, Telangana 508115, India, Mallapur",,,,https://www.bing.com/maps?cp=17.597997665405273%7E78.93001556396484&lvl=16.0&q=Sowbhagya%20Resorts%20%2C%20Keesara%20-%20Yadagirigutta%20Rd%2C%20Mallapur%2C%20Telangana%20508115%2C%20India%2C%20Mallapur
15,Shiva Sai Lodge,"9 - 4 - 205 Station Road St Marys Road Railway Officer Colony, Secunderabad",,,,https://www.bing.com/maps?cp=17.438140869140625%7E78.49937438964844&lvl=16.0&q=Shiva%20Sai%20Lodge%20%2C%209%20-%204%20-%20205%20Station%20Road%20St%20Marys%20Road%20Railway%20Officer%20Colony%2C%20Secunderabad
16,Sree Eashwar Lodge,"Regimental Bazaar H. No 9-4-187 Opposite Secunderabad Railway Station, Hyderabad",,,,https://www.bing.com/maps?cp=17.435266494750977%7E78.50214385986328&lvl=16.0&q=Sree%20Eashwar%20Lodge%20%2C%20Regimental%20Bazaar%20H.%20No%209-4-187%20Opposite%20Secunderabad%20Railway%20Station%2C%20Hyderabad
17,Hotel Swagath Grand A.S. Rao Nagar,"Plot No. 1-7-43/220, 221, 236, 237, Near Radhika Theatre, Ecil 'X' Roads, A. S. Rao Nagar, Hyderabad",,,,https://www.bing.com/maps?cp=17.473913192749023%7E78.56282806396484&lvl=16.0&q=Hotel%20Swagath%20Grand%20A.S.%20Rao%20Nagar%20%2C%20Plot%20No.%201-7-43%2F220%2C%20221%2C%20236%2C%20237%2C%20Near%20Radhika%20Theatre%2C%20Ecil%20'X'%20Roads%2C%20A.%20S.%20Rao%20Nagar%2C%20Hyderabad
18,Palette - Hotel Trishul Grand,"162/16, Sy No. 6, Hotel Trishul Grand, Aji to Metro Pillar No. 35 Main Road, Madhapur, Hyderabad",,,,https://www.bing.com/maps?cp=17.44078254699707%7E78.3921127319336&lvl=16.0&q=Palette%20-%20Hotel%20Trishul%20Grand%20%2C%20162%2F16%2C%20Sy%20No.%206%2C%20Hotel%20Trishul%20Grand%2C%20Aji%20to%20Metro%20Pillar%20No.%2035%20Main%20Road%2C%20Madhapur%2C%20Hyderabad
19,OYO Hotel Saba Service Apartments Near Birla Mandir,"516, Yousuf Baba Dargah Rd, Aghapura, Ward 77 Jambagh, Greater Hyderabad Municipal Corporation Central, Zone, Hyderabad",,,,https://www.bing.com/maps?cp=17.39040756225586%7E78.46454620361328&lvl=16.0&q=OYO%20Hotel%20Saba%20Service%20Apartments%20Near%20Birla%20Mandir%20%2C%20516%2C%20Yousuf%20Baba%20Dargah%20Rd%2C%20Aghapura%2C%20Ward%2077%20Jambagh%2C%20Greater%20Hyderabad%20Municipal%20Corporation%20Central%2C%20Zone%2C%20Hyderabad
20,Lagoon Bay at Leonia,"Bommarasipet Village, Leonia Holistic Destination, Shamirpet, Secunderabad",,,,https://www.bing.com/maps?cp=17.583139419555664%7E78.59992980957031&lvl=16.0&q=Lagoon%20Bay%20at%20Leonia%20%2C%20Bommarasipet%20Village%2C%20Leonia%20Holistic%20Destination%2C%20Shamirpet%2C%20Secunderabad
21,Divya Lodge & Hotel Rooms,"Shop No. 11-7-269/5 Above Andhra Bank Omni Hospital, Hyderabad",,,,https://www.bing.com/maps?cp=17.367713928222656%7E78.53824615478516&lvl=16.0&q=Divya%20Lodge%20%26%20Hotel%20Rooms%20%2C%20Shop%20No.%2011-7-269%2F5%20Above%20Andhra%20Bank%20Omni%20Hospital%2C%20Hyderabad
22,OYO Flagship 813360 Hotel Ragas,"1-4-241/1, Vimal Complex, Hanamkonda",,,,https://www.bing.com/maps?cp=18.004789352416992%7E79.54444122314453&lvl=16.0&q=OYO%20Flagship%20813360%20Hotel%20Ragas%20%2C%201-4-241%2F1%2C%20Vimal%20Complex%2C%20Hanamkonda
23,OYO Hotel Eashan Inn,"HNO: 23-6-148/3 Hunter Road, Beside Kadai Drive Inn, Gayatri Nagar, Warangal",,,,https://www.bing.com/maps?cp=17.99980354309082%7E79.5816421508789&lvl=16.0&q=OYO%20Hotel%20Eashan%20Inn%20%2C%20HNO%3A%2023-6-148%2F3%20Hunter%20Road%2C%20Beside%20Kadai%20Drive%20Inn%2C%20Gayatri%20Nagar%2C%20Warangal
24,Hotel O Lakshmi Royal Inn,"16-3-874/A, Hanumakonda, Warangal Urban Warangal - Fort Road, Warangal, Telangana 506002",Hotel,0124 620 1464,https://www.oyorooms.com/201035/,https://www.bing.com/maps?cp=17.96437644958496%7E79.59969329833984&lvl=16.0&q=Hotel%20O%20Lakshmi%20Royal%20Inn%20%2C%2016-3-874%2FA%2C%20Hanumakonda%2C%20Warangal%20Urban%20Warangal%20-%20Fort%20Road%2C%20Warangal%2C%20Telangana%20506002
25,Venkateshwara Mitra Residency,"2-5-83&84, Second, Third and Fourth Floor National Highway 163 Nakkala Gutta, Warangal, Telangana 506001",Hotel,081869 97799,,https://www.bing.com/maps?cp=18.000839233398438%7E79.55538940429688&lvl=16.0&q=Venkateshwara%20Mitra%20Residency%20%2C%202-5-83%2684%2C%20Second%2C%20Third%20and%20Fourth%20Floor%20National%20Highway%20163%20Nakkala%20Gutta%2C%20Warangal%2C%20Telangana%20506001
26,OYO Flagship BSS INNS HOTELS,"Hanamkonda Mandal Urban, Warangal, Hanamkonda, Telangana 506002",Hotel,0124 620 1464,,https://www.bing.com/maps?cp=17.992721557617188%7E79.5566635131836&lvl=16.0&q=OYO%20Flagship%20BSS%20INNS%20HOTELS%20%2C%20Hanamkonda%20Mandal%20Urban%2C%20Warangal%2C%20Hanamkonda%2C%20Telangana%20506002
27,Flagship Hotel R Square,"2-9-976/2 And Hno 2-9-972/3, Ngos Colony Rec To Kuc Road, Warangal, Hanamkonda, Telangana 506009",Hotel,0124 620 1464,,https://www.bing.com/maps?cp=18.009912490844727%7E79.53368377685547&lvl=16.0&q=Flagship%20Hotel%20R%20Square%20%2C%202-9-976%2F2%20And%20Hno%202-9-972%2F3%2C%20Ngos%20Colony%20Rec%20To%20Kuc%20Road%2C%20Warangal%2C%20Hanamkonda%2C%20Telangana%20506009
28,Sahasra DLA A/C Convention Hall & A/C Rooms,"Sahasra DLA Felicity Mall, H.NO#23-6-163/2 Hunter Road, Warangal, Telangana 506001",Hotel,079893 75837,,https://www.bing.com/maps?cp=18.005149841308594%7E79.5669937133789&lvl=16.0&q=Sahasra%20DLA%20A%2FC%20Convention%20Hall%20%26%20A%2FC%20Rooms%20%2C%20Sahasra%20DLA%20Felicity%20Mall%2C%20H.NO%2323-6-163%2F2%20Hunter%20Road%2C%20Warangal%2C%20Telangana%20506001
29,Super Collection O Bommarilu Warangal,"8-5-49/11 Seetharam Complex, Bezide Grand Gayatristation Road, Warangal Hotel, Warangal, Telangana 506002",Hotel,0124 433 0599,https://www.oyorooms.com/225856/,https://www.bing.com/maps?cp=17.97500991821289%7E79.60253143310547&lvl=16.0&q=Super%20Collection%20O%20Bommarilu%20Warangal%20%2C%208-5-49%2F11%20Seetharam%20Complex%2C%20Bezide%20Grand%20Gayatristation%20Road%2C%20Warangal%20Hotel%2C%20Warangal%2C%20Telangana%20506002
30,Hotel O Satya Inn,"Vemulawada Road 2-5-76, Padma Nagar, Opp Congress Bhavan, Karimnagar, Telangana 505001",Hotel,0124 620 1464,https://www.oyorooms.com/206221/,https://www.bing.com/maps?cp=18.44135856628418%7E79.10240173339844&lvl=16.0&q=Hotel%20O%20Satya%20Inn%20%2C%20Vemulawada%20Road%202-5-76%2C%20Padma%20Nagar%2C%20Opp%20Congress%20Bhavan%2C%20Karimnagar%2C%20Telangana%20505001
31,Suprabha Hotel,"Near Haritha Kakatiya, Nakkalagutta, Hanamkonda, Hanamakonda, Warangal, Telangana",Hotel,077027 83333,https://www.suprabhahotel.com/,https://www.bing.com/maps?cp=18.000080108642578%7E79.555908203125&lvl=16.0&q=Suprabha%20Hotel%20%2C%20Near%20Haritha%20Kakatiya%2C%20Nakkalagutta%2C%20Hanamkonda%2C%20Hanamakonda%2C%20Warangal%2C%20Telangana
32,SPOT ON Hotel Grand Inn,"3-3-147, Apollo Pharmacy, Hanamkonda Chowarasta, Reddy Colony, Hanamkonda, Telangana 506011",Hotel,0124 458 8630,https://www.oyorooms.com/h/108536/,https://www.bing.com/maps?cp=18.006567001342773%7E79.57080078125&lvl=16.0&q=SPOT%20ON%20Hotel%20Grand%20Inn%20%2C%203-3-147%2C%20Apollo%20Pharmacy%2C%20Hanamkonda%20Chowarasta%2C%20Reddy%20Colony%2C%20Hanamkonda%2C%20Telangana%20506011
33,OYO Hotel Crystal,"16-2-12 2 Line Near Old Grand Market, Girmajipet, Warangal, Telangana 506002",Hotel,0124 620 1464,https://www.oyorooms.com/27318/,https://www.bing.com/maps?cp=17.976612091064453%7E79.60802459716797&lvl=16.0&q=OYO%20Hotel%20Crystal%20%2C%2016-2-12%202%20Line%20Near%20Old%20Grand%20Market%2C%20Girmajipet%2C%20Warangal%2C%20Telangana%20506002
34,Hotel O Star Inn,"Gandhi Nagar, Hanamkonda, Hanamkonda Mandal, Warangal, Warangal 506011",Hotel,0124 620 1464,https://www.oyorooms.com/106404/,https://www.bing.com/maps?cp=18.008132934570312%7E79.56840515136719&lvl=16.0&q=Hotel%20O%20Star%20Inn%20%2C%20Gandhi%20Nagar%2C%20Hanamkonda%2C%20Hanamkonda%20Mandal%2C%20Warangal%2C%20Warangal%20506011
35,Super OYO Capital O Vihari Grand Inn,"Kotak Mahindra Bank, 8-9-109/110/111/1, Jayaprakash Narayan Road, Nandayya Gari Compound, Sherpura, Warangal, Telangana",Hotel,0124 620 1464,https://www.oyorooms.com/195583/?locale=hi,https://www.bing.com/maps?cp=17.97797966003418%7E79.59848022460938&lvl=16.0&q=Super%20OYO%20Capital%20O%20Vihari%20Grand%20Inn%20%2C%20Kotak%20Mahindra%20Bank%2C%208-9-109%2F110%2F111%2F1%2C%20Jayaprakash%20Narayan%20Road%2C%20Nandayya%20Gari%20Compound%2C%20Sherpura%2C%20Warangal%2C%20Telangana
36,"Hotel Swagath Grand - Yerragattugutta, Warangal","H.No. 55-4-837/1, Opposite KLN Convention, Srinivasa Colony Road Number 3 Yerragattugutta, Bheemaram, Hasanparthy, Hanamkonda, Telangana",Hotel,,https://www.hotelswagathgrand.com/,https://www.bing.com/maps?cp=18.028650283813477%7E79.54393005371094&lvl=16.0&q=Hotel%20Swagath%20Grand%20-%20Yerragattugutta%2C%20Warangal%20%2C%20H.No.%2055-4-837%2F1%2C%20Opposite%20KLN%20Convention%2C%20Srinivasa%20Colony%20Road%20Number%203%20Yerragattugutta%2C%20Bheemaram%2C%20Hasanparthy%2C%20Hanamkonda%2C%20Telangana
37,OYO 1252 Hotel Landmark,"Plot No.183-94-22, Nakkalagutta, Hanamkonda, Warangal, Telangana 506001",Hotel,,,https://www.bing.com/maps?cp=17.99868392944336%7E79.60502624511719&lvl=16.0&q=OYO%201252%20Hotel%20Landmark%20%2C%20Plot%20No.183-94-22%2C%20Nakkalagutta%2C%20Hanamkonda%2C%20Warangal%2C%20Telangana%20506001
38,OYO 37003 Hotel Shreshta Inn,"1, Kothur Jenda, Gandhi Nagar, Reddy Colony, Hanamkonda, Warangal, Telangana 506001",Hotel,0124 620 1305,https://oyo-37003-new-property-warangal.hotelmix.es/,https://www.bing.com/maps?cp=18.007858276367188%7E79.569580078125&lvl=16.0&q=OYO%2037003%20Hotel%20Shreshta%20Inn%20%2C%201%2C%20Kothur%20Jenda%2C%20Gandhi%20Nagar%2C%20Reddy%20Colony%2C%20Hanamkonda%2C%20Warangal%2C%20Telangana%20506001
39,Venkataramana Hotel,"Opp Warangal Busstand, H. No:16-7-32/1, Warangal, Telangana 506002",Hotel,093901 08448,,https://www.bing.com/maps?cp=17.975168228149414%7E79.60549926757812&lvl=16.0&q=Venkataramana%20Hotel%20%2C%20Opp%20Warangal%20Busstand%2C%20H.%20No%3A16-7-32%2F1%2C%20Warangal%2C%20Telangana%20506002
40,Supreme Hotels Lodgingdivision,"Supreme Hotels, 6-2-221, Warangal Urban, Main Road, Chowrasta, Hanumakonda, Telangana 506001",Hotel,,,https://www.bing.com/maps?cp=18.00558090209961%7E79.56739807128906&lvl=16.0&q=Supreme%20Hotels%20Lodgingdivision%20%2C%20Supreme%20Hotels%2C%206-2-221%2C%20Warangal%20Urban%2C%20Main%20Road%2C%20Chowrasta%2C%20Hanumakonda%2C%20Telangana%20506001
41,Super Collection O Hotel Lakeview Castle,"23-6-131/2/1 Beside Nexa Service, Hunter Road, Hanamkonda, Warangal, Telangana 506007",Hotel,0124 620 1464,https://www.oyorooms.com/213557/,https://www.bing.com/maps?cp=17.983991622924805%7E79.57596588134766&lvl=16.0&q=Super%20Collection%20O%20Hotel%20Lakeview%20Castle%20%2C%2023-6-131%2F2%2F1%20Beside%20Nexa%20Service%2C%20Hunter%20Road%2C%20Hanamkonda%2C%20Warangal%2C%20Telangana%20506007
42,OYO Flagship Sathya Inn,"H.No : 6-2-132/133, Warangal-Hyderabad Rd, Main Road, Beside Hanamkonda Police Station, Chowrastha, Gandhi Nagar, Reddy Colony, Warangal, Telangana 506001",Hotel,0124 620 1464,https://www.oyorooms.com/35889/,https://www.bing.com/maps?cp=18.007108688354492%7E79.56898498535156&lvl=16.0&q=OYO%20Flagship%20Sathya%20Inn%20%2C%20H.No%20%3A%206-2-132%2F133%2C%20Warangal-Hyderabad%20Rd%2C%20Main%20Road%2C%20Beside%20Hanamkonda%20Police%20Station%2C%20Chowrastha%2C%20Gandhi%20Nagar%2C%20Reddy%20Colony%2C%20Warangal%2C%20Telangana%20506001
43,Super OYO Collection O Vinayaka Luxury Stays,"8-2-133, 8-2-134, 8-2-135 Warangal Chowrastha, Old Beet Bazar Road, Warangal, Telangana 506002",Hotel,0124 620 1464,https://www.oyorooms.com/205005/,https://www.bing.com/maps?cp=17.976764678955078%7E79.59797668457031&lvl=16.0&q=Super%20OYO%20Collection%20O%20Vinayaka%20Luxury%20Stays%20%2C%208-2-133%2C%208-2-134%2C%208-2-135%20Warangal%20Chowrastha%2C%20Old%20Beet%20Bazar%20Road%2C%20Warangal%2C%20Telangana%20506002
44,OYO Suraj Residency,"128138, Above Gouda Restaurant & bar, Old Beet Bazaar, Near Sushil Theatre, Ramannapet, Warangal, Telangana 506002",Hotel,0124 620 1464,https://www.oyorooms.com/79145/,https://www.bing.com/maps?cp=17.975561141967773%7E79.59596252441406&lvl=16.0&q=OYO%20Suraj%20Residency%20%2C%20128138%2C%20Above%20Gouda%20Restaurant%20%26%20bar%2C%20Old%20Beet%20Bazaar%2C%20Near%20Sushil%20Theatre%2C%20Ramannapet%2C%20Warangal%2C%20Telangana%20506002
45,Hotel Dwaraka Inn,"Metro Pillar no, C972, Habsiguda Main Rd, Near Icici Bank, Hyderabad, Telangana 500007",Hotel,095051 74666,http://dwarakainn.com/,https://www.bing.com/maps?cp=17.417089462280273%7E78.54400634765625&lvl=16.0&q=Hotel%20Dwaraka%20Inn%20%2C%20Metro%20Pillar%20no%2C%20C972%2C%20Habsiguda%20Main%20Rd%2C%20Near%20Icici%20Bank%2C%20Hyderabad%2C%20Telangana%20500007
46,OYO Flagship 73783 Sai Pariwar Near Snow World,"3-3-69, Hotel sai Pariwar, Opp. Old Raghavendra Swamy Temple, Barkatpura Circle, Kacheguda, Hyderabad, Himayatnagar, Telangana 500027",Hotel,0124 620 1614,https://www.oyorooms.com/103659/,https://www.bing.com/maps?cp=17.391576766967773%7E78.4937515258789&lvl=16.0&q=OYO%20Flagship%2073783%20Sai%20Pariwar%20Near%20Snow%20World%20%2C%203-3-69%2C%20Hotel%20sai%20Pariwar%2C%20Opp.%20Old%20Raghavendra%20Swamy%20Temple%2C%20Barkatpura%20Circle%2C%20Kacheguda%2C%20Hyderabad%2C%20Himayatnagar%2C%20Telangana%20500027
47,Super Hotel O Karimnagar,"Near Gunj Road, Market Road, Karimnagar, Hotel Near Clock Tower, Karimnagar, Telangana 505001",Hotel,0124 433 0599,https://www.oyorooms.com/78772/,https://www.bing.com/maps?cp=18.432952880859375%7E79.13301849365234&lvl=16.0&q=Super%20Hotel%20O%20Karimnagar%20%2C%20Near%20Gunj%20Road%2C%20Market%20Road%2C%20Karimnagar%2C%20Hotel%20Near%20Clock%20Tower%2C%20Karimnagar%2C%20Telangana%20505001
48,Rajarajeshwara lodge,"Laxmi Nagar Road 2-66, 2, Jangid, Telangana 506169",Lodge,098669 81574,,https://www.bing.com/maps?cp=18.44426155090332%7E79.86676025390625&lvl=16.0&q=Rajarajeshwara%20lodge%20%2C%20Laxmi%20Nagar%20Road%202-66%2C%202%2C%20Jangid%2C%20Telangana%20506169
49,Hotel O Vathsalya,"33-6-88/e, Street No :2 Shambunipet-Ashalapally Road Rahmat Nagar, Kapula Kanapathy",,,,https://www.bing.com/maps?cp=17.899211883544922%7E79.64083099365234&lvl=16.0&q=Hotel%20O%20Vathsalya%20%2C%2033-6-88%2Fe%2C%20Street%20No%20%3A2%20Shambunipet-Ashalapally%20Road%20Rahmat%20Nagar%2C%20Kapula%20Kanapathy
50,Haritha Grand,"Warangal Mulug Rd, Near Prem Nagar, Gattamma Village, Mulugu",,,,https://www.bing.com/maps?cp=18.189420700073242%7E79.91482543945312&lvl=16.0&q=Haritha%20Grand%20%2C%20Warangal%20Mulug%20Rd%2C%20Near%20Prem%20Nagar%2C%20Gattamma%20Village%2C%20Mulugu
51,Hotel Sharavana Ac Lodge,"9-6-133/3, Baddipochamma Street, Near Bemeshwara Temple, Vemulawada, Karimnagar",,,,https://www.bing.com/maps?cp=18.431428909301758%7E79.11824035644531&lvl=16.0&q=Hotel%20Sharavana%20Ac%20Lodge%20%2C%209-6-133%2F3%2C%20Baddipochamma%20Street%2C%20Near%20Bemeshwara%20Temple%2C%20Vemulawada%2C%20Karimnagar
52,Sanvi Hotel,"Chennur Main Road, Mancheral",,,,https://www.bing.com/maps?cp=18.846420288085938%7E79.7435302734375&lvl=16.0&q=Sanvi%20Hotel%20%2C%20Chennur%20Main%20Road%2C%20Mancheral
53,Virinchi Resorts,"1-46, Bussapur, Laknavaram, Chelvai",,,,https://www.bing.com/maps?cp=18.177837371826172%7E80.07830047607422&lvl=16.0&q=Virinchi%20Resorts%20%2C%201-46%2C%20Bussapur%2C%20Laknavaram%2C%20Chelvai
54,Vishnu Lodge,"Station Rd Sri Krishna Colony, Girmajipet, Warangal",,,,https://www.bing.com/maps?cp=17.9754638671875%7E79.60209655761719&lvl=16.0&q=Vishnu%20Lodge%20%2C%20Station%20Rd%20Sri%20Krishna%20Colony%2C%20Girmajipet%2C%20Warangal
55,Capital O 44963 Landmark Residency,"1-8-598, NH163, Balasamudram, Hanamkonda, Warangal",,,,https://www.bing.com/maps?cp=18.00261116027832%7E79.55699157714844&lvl=16.0&q=Capital%20O%2044963%20Landmark%20Residency%20%2C%201-8-598%2C%20NH163%2C%20Balasamudram%2C%20Hanamkonda%2C%20Warangal
56,Hotel NorthInn,"Bellampalli Chorasta, Mancherial 5-324/1, Bellampally Chorasta, Mancherial, Telangana, Mancheral",,,,https://www.bing.com/maps?cp=18.881229400634766%7E79.44329071044922&lvl=16.0&q=Hotel%20NorthInn%20%2C%20Bellampalli%20Chorasta%2C%20Mancherial%205-324%2F1%2C%20Bellampally%20Chorasta%2C%20Mancherial%2C%20Telangana%2C%20Mancheral
57,Feriado ResortsTadvai,"Haritha Resorts Tadvai, KaTapuram",,,,https://www.bing.com/maps?cp=18.237993240356445%7E80.31295776367188&lvl=16.0&q=Feriado%20ResortsTadvai%20%2C%20Haritha%20Resorts%20Tadvai%2C%20KaTapuram
58,Super Collection O Hanamkonda Near NIT,"24-7-192/1 Darga Road Near Nit Hanamkonda Warangal, Warangal",,,,https://www.bing.com/maps?cp=17.989171981811523%7E79.53289794921875&lvl=16.0&q=Super%20Collection%20O%20Hanamkonda%20Near%20NIT%20%2C%2024-7-192%2F1%20Darga%20Road%20Near%20Nit%20Hanamkonda%20Warangal%2C%20Warangal
59,"Sai Leela Residency, Ramagundam","H-No: 6-1-71 to 73, Sri Nagar Colony, Peddapally, Ramagundham Locality, Ramagundham",,,,https://www.bing.com/maps?cp=18.7613468170166%7E79.4971923828125&lvl=16.0&q=Sai%20Leela%20Residency%2C%20Ramagundam%20%2C%20H-No%3A%206-1-71%20to%2073%2C%20Sri%20Nagar%20Colony%2C%20Peddapally%2C%20Ramagundham%20Locality%2C%20Ramagundham
60,Hotel Kundana,"Station Road, Mancheral",,,,https://www.bing.com/maps?cp=18.881120681762695%7E79.44676971435547&lvl=16.0&q=Hotel%20Kundana%20%2C%20Station%20Road%2C%20Mancheral
61,Haritha GrandGattamma,"Warangal - Mulug Road Mulugu Gattamma, Mulug",,,,https://www.bing.com/maps?cp=18.188419342041016%7E79.91480255126953&lvl=16.0&q=Haritha%20GrandGattamma%20%2C%20Warangal%20-%20Mulug%20Road%20Mulugu%20Gattamma%2C%20Mulug
62,Samata Lodge,"Chowasta, Hanuma Konda, Warangal-Hamamkonda",,,,https://www.bing.com/maps?cp=18.006996154785156%7E79.56896209716797&lvl=16.0&q=Samata%20Lodge%20%2C%20Chowasta%2C%20Hanuma%20Konda%2C%20Warangal-Hamamkonda
63,Hotel Vaibhav Telangana,"Hotel Vaibhav, MOR Market, Ganga Reddy Rd, Mancherial, Telangana 504208, Mancheral",,,,https://www.bing.com/maps?cp=18.875438690185547%7E79.44750213623047&lvl=16.0&q=Hotel%20Vaibhav%20Telangana%20%2C%20Hotel%20Vaibhav%2C%20MOR%20Market%2C%20Ganga%20Reddy%20Rd%2C%20Mancherial%2C%20Telangana%20504208%2C%20Mancheral
64,Ganpati Resort,"National Highway - 6, Dhurkoda Road, Jagdalpur",,,,https://www.bing.com/maps?cp=19.094722747802734%7E82.04991149902344&lvl=16.0&q=Ganpati%20Resort%20%2C%20National%20Highway%20-%206%2C%20Dhurkoda%20Road%2C%20Jagdalpur
65,Vijay Reddy Tourists Home Stay Rooms,"Temple Road, Kaleshwaram",,,,https://www.bing.com/maps?cp=18.809967041015625%7E79.90493774414062&lvl=16.0&q=Vijay%20Reddy%20Tourists%20Home%20Stay%20Rooms%20%2C%20Temple%20Road%2C%20Kaleshwaram
66,Balasai Hotel,"16 RTC X-Road, Bustand, H.N.K Road, Jangaon, Warangal",,,,https://www.bing.com/maps?cp=17.974571228027344%7E79.59677124023438&lvl=16.0&q=Balasai%20Hotel%20%2C%2016%20RTC%20X-Road%2C%20Bustand%2C%20H.N.K%20Road%2C%20Jangaon%2C%20Warangal
67,Swagath Residency,"Kashibuga Road, Warangal",,,,https://www.bing.com/maps?cp=17.981443405151367%7E79.6082763671875&lvl=16.0&q=Swagath%20Residency%20%2C%20Kashibuga%20Road%2C%20Warangal
68,Flagship Veda Residency,"6\2\189\5, Veena Bazar, Chowrasta, Hanamkonda, Warangal",,,,https://www.bing.com/maps?cp=18.006343841552734%7E79.56958770751953&lvl=16.0&q=Flagship%20Veda%20Residency%20%2C%206%5C2%5C189%5C5%2C%20Veena%20Bazar%2C%20Chowrasta%2C%20Hanamkonda%2C%20Warangal
69,Collection O Sri Narmada Grand Company Serviced,"5-4-102, Kumarpalli Market, Mission Hospital Back Side, Hanamkonda, Hotel Near Canara Bank ATM, Warangal",,,,https://www.bing.com/maps?cp=18.011579513549805%7E79.5657730102539&lvl=16.0&q=Collection%20O%20Sri%20Narmada%20Grand%20Company%20Serviced%20%2C%205-4-102%2C%20Kumarpalli%20Market%2C%20Mission%20Hospital%20Back%20Side%2C%20Hanamkonda%2C%20Hotel%20Near%20Canara%20Bank%20ATM%2C%20Warangal
70,OYO 84736 Ramya Inn,"13-5, Mandi Bazar Road Near Hanamkonda Police Station, Telangana",,,,https://www.bing.com/maps?cp=18.00834083557129%7E79.56864929199219&lvl=16.0&q=OYO%2084736%20Ramya%20Inn%20%2C%2013-5%2C%20Mandi%20Bazar%20Road%20Near%20Hanamkonda%20Police%20Station%2C%20Telangana
71,OYO Flagship Kakatiya residency,"4-8-115 1st Floor, Above City Union Bank, Warangal",,,,https://www.bing.com/maps?cp=18.007829666137695%7E79.56867980957031&lvl=16.0&q=OYO%20Flagship%20Kakatiya%20residency%20%2C%204-8-115%201st%20Floor%2C%20Above%20City%20Union%20Bank%2C%20Warangal
72,OYO Flagship Hotel Abhi's Elite,"24-7-211/2/a, Darga Road, Revenue Colony, Warangal, 506001 Warangal, India, 24-7-211/2/a, Darga Road, Revenue Colony, Warangal",,,,https://www.bing.com/maps?cp=17.988000869750977%7E79.53418731689453&lvl=16.0&q=OYO%20Flagship%20Hotel%20Abhi's%20Elite%20%2C%2024-7-211%2F2%2Fa%2C%20Darga%20Road%2C%20Revenue%20Colony%2C%20Warangal%2C%20506001%20Warangal%2C%20India%2C%2024-7-211%2F2%2Fa%2C%20Darga%20Road%2C%20Revenue%20Colony%2C%20Warangal
73,K Loft Hotel,"8-5-424/1, Raghavendra Nagar, Karimnagar",,,,https://www.bing.com/maps?cp=18.429800033569336%7E79.13707733154297&lvl=16.0&q=K%20Loft%20Hotel%20%2C%208-5-424%2F1%2C%20Raghavendra%20Nagar%2C%20Karimnagar
74,Super Townhouse Mancherial,"{300665} 4-47/6, Shiva Krishna Complex Zafar Nagar, Sai Nagar, Bellampally Hi-way Road, Mancherial, Nizamabad, Mancherial",,,,https://www.bing.com/maps?cp=18.883472442626953%7E79.44219207763672&lvl=16.0&q=Super%20Townhouse%20Mancherial%20%2C%20%7B300665%7D%204-47%2F6%2C%20Shiva%20Krishna%20Complex%20Zafar%20Nagar%2C%20Sai%20Nagar%2C%20Bellampally%20Hi-way%20Road%2C%20Mancherial%2C%20Nizamabad%2C%20Mancherial
75,Al Sadaat Hotel,"E-760 Station Road, Hyderabad",,,,https://www.bing.com/maps?cp=17.382957458496094%7E78.49344635009766&lvl=16.0&q=Al%20Sadaat%20Hotel%20%2C%20E-760%20Station%20Road%2C%20Hyderabad
76,NSR Convention & Hotel,"H No 1-192 Mulugu Road Durgampet, Warangal",,,,https://www.bing.com/maps?cp=18.005294799804688%7E79.59648895263672&lvl=16.0&q=NSR%20Convention%20%26%20Hotel%20%2C%20H%20No%201-192%20Mulugu%20Road%20Durgampet%2C%20Warangal
77,Hylife hotels and conventions,"Near max Showroom, Medariwada, Mancherial",,,,https://www.bing.com/maps?cp=18.87381935119629%7E79.4344711303711&lvl=16.0&q=Hylife%20hotels%20and%20conventions%20%2C%20Near%20max%20Showroom%2C%20Medariwada%2C%20Mancherial
78,Hotel ML Grand,"3rd Floor PNR Prime, Hanamkonda",,,,https://www.bing.com/maps?cp=18.0152645111084%7E79.55545043945312&lvl=16.0&q=Hotel%20ML%20Grand%20%2C%203rd%20Floor%20PNR%20Prime%2C%20Hanamkonda
79,Hotel Deepthi,"Warangal Highway, Hotel Sankalp, Raigiri, Bhongir",,,,https://www.bing.com/maps?cp=17.530094146728516%7E78.92700958251953&lvl=16.0&q=Hotel%20Deepthi%20%2C%20Warangal%20Highway%2C%20Hotel%20Sankalp%2C%20Raigiri%2C%20Bhongir
80,OYO Vasundhara Guest House Near Tankbund,"Door No.5-4-100/101 M G Road Beside Bombay Hotel, Golden Deer Bar Building, Secunderabad",,,,https://www.bing.com/maps?cp=17.432119369506836%7E78.48841094970703&lvl=16.0&q=OYO%20Vasundhara%20Guest%20House%20Near%20Tankbund%20%2C%20Door%20No.5-4-100%2F101%20M%20G%20Road%20Beside%20Bombay%20Hotel%2C%20Golden%20Deer%20Bar%20Building%2C%20Secunderabad
81,OYO 11938 Mitra Residency,"2-5-83&84, 3rd & 4th Floor, Beside Nandana Gardens, Nakkalagutta, Hanmakonda, Warangal",,,,https://www.bing.com/maps?cp=18.000839233398438%7E79.55538940429688&lvl=16.0&q=OYO%2011938%20Mitra%20Residency%20%2C%202-5-83%2684%2C%203rd%20%26%204th%20Floor%2C%20Beside%20Nandana%20Gardens%2C%20Nakkalagutta%2C%20Hanmakonda%2C%20Warangal
82,Oyo Townhouse 81794 Banjarahills Near Gvk Mall,"101, Rd Number 1 Hotel Cititel, Ambedkar Nagar, Masab Tank, Hyderabad",,,,https://www.bing.com/maps?cp=17.405099868774414%7E78.45185852050781&lvl=16.0&q=Oyo%20Townhouse%2081794%20Banjarahills%20Near%20Gvk%20Mall%20%2C%20101%2C%20Rd%20Number%201%20Hotel%20Cititel%2C%20Ambedkar%20Nagar%2C%20Masab%20Tank%2C%20Hyderabad
83,Supreme Hotel,"6-2-221 Talkies Road, Hanamkonda",,,,https://www.bing.com/maps?cp=18.00591468811035%7E79.57057189941406&lvl=16.0&q=Supreme%20Hotel%20%2C%206-2-221%20Talkies%20Road%2C%20Hanamkonda
84,SPOT ON Sri Datta Grand Inn,"16/10-1406 Chintal Road, Warangal",,,,https://www.bing.com/maps?cp=17.97298812866211%7E79.60171508789062&lvl=16.0&q=SPOT%20ON%20Sri%20Datta%20Grand%20Inn%20%2C%2016%2F10-1406%20Chintal%20Road%2C%20Warangal
85,Go Ranch Resort,"15-1, Pochannapet Village, Ramachandrapur, Telangana 506221",Resort,087901 96902,https://goranchresort.com/,https://www.bing.com/maps?cp=17.778329849243164%7E79.00032806396484&lvl=16.0&q=Go%20Ranch%20Resort%20%2C%2015-1%2C%20Pochannapet%20Village%2C%20Ramachandrapur%2C%20Telangana%20506221
86,OYO 46788 Balaji Residency,"87166, Station Rd, Girmajipet, Warangal, Telangana 506002",Hotel,0124 620 1305,https://oyo-46788-balaji-residency-warangal.hotelmix.es/,https://www.bing.com/maps?cp=17.97551155090332%7E79.6028060913086&lvl=16.0&q=OYO%2046788%20Balaji%20Residency%20%2C%2087166%2C%20Station%20Rd%2C%20Girmajipet%2C%20Warangal%2C%20Telangana%20506002
87,OYO 48349 Sri Sai Lohith Lodge,"73, Red Cross Road, Hyderabad, Telangana 500003",Lodge,,,https://www.bing.com/maps?cp=17.43910026550293%7E78.49812316894531&lvl=16.0&q=OYO%2048349%20Sri%20Sai%20Lohith%20Lodge%20%2C%2073%2C%20Red%20Cross%20Road%2C%20Hyderabad%2C%20Telangana%20500003
88,Collection O 3169 Hotel Lotus Grand,"Plot No. 9-4-147 - 153, Regimental Bazaar, Opp Railway Station, Secunderabad, Hyderabad, Telangana 500025",Hotel,040 2770 5590,https://www.oyorooms.com/4625/,https://www.bing.com/maps?cp=17.435644149780273%7E78.5009536743164&lvl=16.0&q=Collection%20O%203169%20Hotel%20Lotus%20Grand%20%2C%20Plot%20No.%209-4-147%20-%20153%2C%20Regimental%20Bazaar%2C%20Opp%20Railway%20Station%2C%20Secunderabad%2C%20Hyderabad%2C%20Telangana%20500025
89,FabHotel Sai Prakash,"Station Road, Hyderabad, Telangana 500001",Hotel,070424 24242,http://www.fabhotels.com/hotels-in-hyderabad/fabhotel-sai-prakash-i.html,https://www.bing.com/maps?cp=17.387611389160156%7E78.47714233398438&lvl=16.0&q=FabHotel%20Sai%20Prakash%20%2C%20Station%20Road%2C%20Hyderabad%2C%20Telangana%20500001
90,Capital O Hotel Krishnandan,"190/2, Krishna Nagar Main Road, Above PC Jewellers, Mathura, Uttar Pradesh 281001",Hotel,0124 458 8630,https://www.oyorooms.com/43244/?selected_rcid=2,https://www.bing.com/maps?cp=17.451236724853516%7E78.56574249267578&lvl=16.0&q=Capital%20O%20Hotel%20Krishnandan%20%2C%20190%2F2%2C%20Krishna%20Nagar%20Main%20Road%2C%20Above%20PC%20Jewellers%2C%20Mathura%2C%20Uttar%20Pradesh%20281001
91,Capital O Hotel Surabhi Elite Near Miraj Cinemas - Shalini Shivani,"11-13-196/5/A&B, Near Ozone Hospital, Green Hills Colony, Kothapet, Hyderabad, Telangana",Hotel,0124 620 1614,https://www.oyorooms.com/979/,https://www.bing.com/maps?cp=17.359100341796875%7E78.54485321044922&lvl=16.0&q=Capital%20O%20Hotel%20Surabhi%20Elite%20Near%20Miraj%20Cinemas%20-%20Shalini%20Shivani%20%2C%2011-13-196%2F5%2FA%26B%2C%20Near%20Ozone%20Hospital%2C%20Green%20Hills%20Colony%2C%20Kothapet%2C%20Hyderabad%2C%20Telangana
92,OYO Hotel 74966 Shree Amardeep Hotel,"2-3-61, Mahatma Gandhi Road, Nallagutta, Ramgopalpet, Hyderabad, Telangana 500003",Hotel,0124 620 1614,https://www.oyorooms.com/105253/,https://www.bing.com/maps?cp=17.434711456298828%7E78.48789978027344&lvl=16.0&q=OYO%20Hotel%2074966%20Shree%20Amardeep%20Hotel%20%2C%202-3-61%2C%20Mahatma%20Gandhi%20Road%2C%20Nallagutta%2C%20Ramgopalpet%2C%20Hyderabad%2C%20Telangana%20500003
93,Hotel Asrani International,"1-7-179 Hotel Asrani Complex MG Road Secunderabad Beside Bajaj Electronics, Secunderabad, Telangana 500003",Hotel,,https://www.hotelasraniinternational.com/,https://www.bing.com/maps?cp=17.440185546875%7E78.4879379272461&lvl=16.0&q=Hotel%20Asrani%20International%20%2C%201-7-179%20Hotel%20Asrani%20Complex%20MG%20Road%20Secunderabad%20Beside%20Bajaj%20Electronics%2C%20Secunderabad%2C%20Telangana%20500003
94,Tikkala Regency Hotel And Restaurant,"Nowshehra Road Near Railway Station Opposite To Eram Colony Mardan, Pakistan., Mardan 23200",Hotel,0318 1906360,https://tikkalaregencyhotel.com/,https://www.bing.com/maps?cp=17.440645217895508%7E78.52523803710938&lvl=16.0&q=Tikkala%20Regency%20Hotel%20And%20Restaurant%20%2C%20Nowshehra%20Road%20Near%20Railway%20Station%20Opposite%20To%20Eram%20Colony%20Mardan%2C%20Pakistan.%2C%20Mardan%2023200
95,OYO Sri Balaji Lodge,"3-5-290, Vittalwadi, Narayanguda, Hyderabad, Telangana 500029",Lodge,0124 620 1614,,https://www.bing.com/maps?cp=17.396787643432617%7E78.4874496459961&lvl=16.0&q=OYO%20Sri%20Balaji%20Lodge%20%2C%203-5-290%2C%20Vittalwadi%2C%20Narayanguda%2C%20Hyderabad%2C%20Telangana%20500029
96,Hotel Shantiniketan (Ramoji Film City),"Ramoji Film City, Ranga Reddy District Anajpur, Village, Abdullahpurmet, Ranga Reddy, Telangana 501512",Hotel,1800 120 2999,https://www.hotels.ramojifilmcity.com/,https://www.bing.com/maps?cp=17.248199462890625%7E78.68003845214844&lvl=16.0&q=Hotel%20Shantiniketan%20(Ramoji%20Film%20City)%20%2C%20Ramoji%20Film%20City%2C%20Ranga%20Reddy%20District%20Anajpur%2C%20Village%2C%20Abdullahpurmet%2C%20Ranga%20Reddy%2C%20Telangana%20501512
97,Hotel O Bolligudem,"Plot Number 25/A25/A, Chengicherla Road, Bolligudem, Hyderabad, Telangana 500092",Hotel,0124 433 0599,https://www.oyorooms.com/223006/?utm_source=Google&utm_medium=GMB,https://www.bing.com/maps?cp=17.433578491210938%7E78.59329223632812&lvl=16.0&q=Hotel%20O%20Bolligudem%20%2C%20Plot%20Number%2025%2FA25%2FA%2C%20Chengicherla%20Road%2C%20Bolligudem%2C%20Hyderabad%2C%20Telangana%20500092
98,SPOT ON Hotel Rk Residency Near MGBS Bus station,"4-1-647/2, Troop Bazaar, Hyderabad, Telangana 500001",Hotel,,,https://www.bing.com/maps?cp=17.38393783569336%7E78.47757720947266&lvl=16.0&q=SPOT%20ON%20Hotel%20Rk%20Residency%20Near%20MGBS%20Bus%20station%20%2C%204-1-647%2F2%2C%20Troop%20Bazaar%2C%20Hyderabad%2C%20Telangana%20500001
99,Super Collection O De Alphabet Hotel ECIL,"Plot : 188, Trimulgherry - Ecil Rd, Secunderabad, Telangana 500062",Hotel,0124 620 1614,https://www.oyorooms.com/242559/,https://www.bing.com/maps?cp=17.47487449645996%7E78.56809997558594&lvl=16.0&q=Super%20Collection%20O%20De%20Alphabet%20Hotel%20ECIL%20%2C%20Plot%20%3A%20188%2C%20Trimulgherry%20-%20Ecil%20Rd%2C%20Secunderabad%2C%20Telangana%20500062
100,Hotel Sannidhi Emerald,"2 63/6, Yadagirigutta HYD Road, Yadagirigutta Yadagirigutta Mandal, Nalgonda, Telangana 508115",Hotel,091000 39530,https://sannidhiemerald.com/,https://www.bing.com/maps?cp=17.571725845336914%7E78.94413757324219&lvl=16.0&q=Hotel%20Sannidhi%20Emerald%20%2C%202%2063%2F6%2C%20Yadagirigutta%20HYD%20Road%2C%20Yadagirigutta%20Yadagirigutta%20Mandal%2C%20Nalgonda%2C%20Telangana%20508115
101,Hotel Mango leaves,"Chitalkunta Road, Hyderabad, Telangana 500070",Hotel,093908 09594,https://hotelmangoleaves.com/,https://www.bing.com/maps?cp=17.339815139770508%7E78.56468200683594&lvl=16.0&q=Hotel%20Mango%20leaves%20%2C%20Chitalkunta%20Road%2C%20Hyderabad%2C%20Telangana%20500070
102,Capital O 63727 Mythri Hotel,"Lig-b-306 Near Radhika Multiplex, Ecil, Secunderabad, Telangana 500062",Hotel,0124 620 1614,https://www.oyorooms.com/85863/,https://www.bing.com/maps?cp=17.47654914855957%7E78.56441497802734&lvl=16.0&q=Capital%20O%2063727%20Mythri%20Hotel%20%2C%20Lig-b-306%20Near%20Radhika%20Multiplex%2C%20Ecil%2C%20Secunderabad%2C%20Telangana%20500062
103,Hotel Sitara Grand L.B. Nagar,"Near, Jainam Towers, SY 49/7, 49/14, NH 65, L. B. Nagar, Hyderabad, Telangana 500074",Hotel,,https://www.hotelsitaragrand.com/kphb/index.html,https://www.bing.com/maps?cp=17.346031188964844%7E78.5526123046875&lvl=16.0&q=Hotel%20Sitara%20Grand%20L.B.%20Nagar%20%2C%20Near%2C%20Jainam%20Towers%2C%20SY%2049%2F7%2C%2049%2F14%2C%20NH%2065%2C%20L.%20B.%20Nagar%2C%20Hyderabad%2C%20Telangana%20500074
104,Tara Comfort Hotel - Ramoji Film City,Samrat Building 501512,Hotel,076598 76598,https://www.hotels.ramojifilmcity.com/hotel-tara/,https://www.bing.com/maps?cp=17.2587890625%7E78.67820739746094&lvl=16.0&q=Tara%20Comfort%20Hotel%20-%20Ramoji%20Film%20City%20%2C%20Samrat%20Building%20501512
105,Hotel Sitara,"Ramoji Film City, Hyderabad, Telangana 501512",Hotel,1800 120 2999,https://www.hotels.ramojifilmcity.com/,https://www.bing.com/maps?cp=17.259767532348633%7E78.67916107177734&lvl=16.0&q=Hotel%20Sitara%20%2C%20Ramoji%20Film%20City%2C%20Hyderabad%2C%20Telangana%20501512
106,Super Collection O Medipally,"3-51Mallikarjuna Temple Road, Hyderabad - Warangal Hwy, Buddha Nagar Colony, Boduppal, Medipally, Hyderabad, Telangana 500039",Hotel,0124 433 0599,https://www.oyorooms.com/245768/,https://www.bing.com/maps?cp=17.40617561340332%7E78.59103393554688&lvl=16.0&q=Super%20Collection%20O%20Medipally%20%2C%203-51Mallikarjuna%20Temple%20Road%2C%20Hyderabad%20-%20Warangal%20Hwy%2C%20Buddha%20Nagar%20Colony%2C%20Boduppal%2C%20Medipally%2C%20Hyderabad%2C%20Telangana%20500039
107,OYO 10127 SVM Grand,"NH163, 6-74/2, Medipally, Canara Nagar, Peerzadiguda, Hyderabad, Telangana 500098",Hotel,08071 270 477,https://www.svmgroupofhotels.com/,https://www.bing.com/maps?cp=17.40973663330078%7E78.60164642333984&lvl=16.0&q=OYO%2010127%20SVM%20Grand%20%2C%20NH163%2C%206-74%2F2%2C%20Medipally%2C%20Canara%20Nagar%2C%20Peerzadiguda%2C%20Hyderabad%2C%20Telangana%20500098
108,Ramoji Film City- Sitara Luxury Hotel,"Ramoji Film City Main Rd, Ranga Reddy, Telangana 501512",Hotel,076598 76598,https://www.hotels.ramojifilmcity.com/hotel-sitara/,https://www.bing.com/maps?cp=17.25939178466797%7E78.67869567871094&lvl=16.0&q=Ramoji%20Film%20City-%20Sitara%20Luxury%20Hotel%20%2C%20Ramoji%20Film%20City%20Main%20Rd%2C%20Ranga%20Reddy%2C%20Telangana%20501512
109,Capital O 65104 Che Sigma Hotel,"107/11 Beside Firdous Cafe, SuruRnagar, Telangana 500074",Hotel,0124 620 1614,https://www.oyorooms.com/88235/?selected_rcid=1,https://www.bing.com/maps?cp=17.342111587524414%7E78.55455780029297&lvl=16.0&q=Capital%20O%2065104%20Che%20Sigma%20Hotel%20%2C%20107%2F11%20Beside%20Firdous%20Cafe%2C%20SuruRnagar%2C%20Telangana%20500074
110,Oyo Home Dk Homes,"Plotno 7, Annapurna Colony, Hyderabad",,,,https://www.bing.com/maps?cp=17.442459106445312%7E78.5675277709961&lvl=16.0&q=Oyo%20Home%20Dk%20Homes%20%2C%20Plotno%207%2C%20Annapurna%20Colony%2C%20Hyderabad
111,Dolphin Hotel,"Byepass Service Road, Bhongir",,,,https://www.bing.com/maps?cp=17.50321388244629%7E78.85477447509766&lvl=16.0&q=Dolphin%20Hotel%20%2C%20Byepass%20Service%20Road%2C%20Bhongir
112,SPOT ON 61855 R S V Hotels,"7 - 99 Near Ghatkesar Railway Station, Hyderabad",,,,https://www.bing.com/maps?cp=17.45233154296875%7E78.68130493164062&lvl=16.0&q=SPOT%20ON%2061855%20R%20S%20V%20Hotels%20%2C%207%20-%2099%20Near%20Ghatkesar%20Railway%20Station%2C%20Hyderabad
113,OYO Gk Grand,"Warangal Highway Road, Bibi Nagar Main Road, Next To Sbi Bank, Nearby Aiims, Bibinagar",,,,https://www.bing.com/maps?cp=17.47303581237793%7E78.79159545898438&lvl=16.0&q=OYO%20Gk%20Grand%20%2C%20Warangal%20Highway%20Road%2C%20Bibi%20Nagar%20Main%20Road%2C%20Next%20To%20Sbi%20Bank%2C%20Nearby%20Aiims%2C%20Bibinagar
114,Hotel VJR - Hotel,"3-73, Opp. Ramoji Film City Main Gate, Hayat Nagar Mandal, Abdullahpurmet, Ranga Reddy",,,,https://www.bing.com/maps?cp=17.311948776245117%7E78.68331909179688&lvl=16.0&q=Hotel%20VJR%20-%20Hotel%20%2C%203-73%2C%20Opp.%20Ramoji%20Film%20City%20Main%20Gate%2C%20Hayat%20Nagar%20Mandal%2C%20Abdullahpurmet%2C%20Ranga%20Reddy
115,OYO Hotel Akruthi Grand,"Near by Gudur Tollgate, Bibinagar, Hyderabad, 109/204, 1st Flr Aerocan Bldg, 2nd Panchsheel Park, Sahibabad, Hyderabad",,,,https://www.bing.com/maps?cp=17.487808227539062%7E78.82538604736328&lvl=16.0&q=OYO%20Hotel%20Akruthi%20Grand%20%2C%20Near%20by%20Gudur%20Tollgate%2C%20Bibinagar%2C%20Hyderabad%2C%20109%2F204%2C%201st%20Flr%20Aerocan%20Bldg%2C%202nd%20Panchsheel%20Park%2C%20Sahibabad%2C%20Hyderabad
116,Srinidhi Joy N Joy Resorts,"3rd Floor, Sr Complex Opp. Ccmb, Habsiguda, Secunderabad",,,,https://www.bing.com/maps?cp=17.462522506713867%7E78.716796875&lvl=16.0&q=Srinidhi%20Joy%20N%20Joy%20Resorts%20%2C%203rd%20Floor%2C%20Sr%20Complex%20Opp.%20Ccmb%2C%20Habsiguda%2C%20Secunderabad
117,Ragala Resorts,"6-7, Kondamadugu Road Kondamadugu, Village, Bibinagar, Hyderabad",,,,https://www.bing.com/maps?cp=17.48099136352539%7E78.75601959228516&lvl=16.0&q=Ragala%20Resorts%20%2C%206-7%2C%20Kondamadugu%20Road%20Kondamadugu%2C%20Village%2C%20Bibinagar%2C%20Hyderabad
118,Hotel O Aayush Stay Inn,"Plot 40, Ecil-Keeara Rd, Datta Sai Nagar, Kundanpally, Keesara Mandal, Hyderabad",,,,https://www.bing.com/maps?cp=17.500356674194336%7E78.61973571777344&lvl=16.0&q=Hotel%20O%20Aayush%20Stay%20Inn%20%2C%20Plot%2040%2C%20Ecil-Keeara%20Rd%2C%20Datta%20Sai%20Nagar%2C%20Kundanpally%2C%20Keesara%20Mandal%2C%20Hyderabad
119,Oyo Hotel Outer Inn,"Plot 376/1, Srinidhi Nest, Shiva Reddy Guda, Ghatkesar",,,,https://www.bing.com/maps?cp=17.445247650146484%7E78.67462158203125&lvl=16.0&q=Oyo%20Hotel%20Outer%20Inn%20%2C%20Plot%20376%2F1%2C%20Srinidhi%20Nest%2C%20Shiva%20Reddy%20Guda%2C%20Ghatkesar
120,Srinidhi Resorts,"Aushapur Village, Ghatkesar Mandal, On Warangal Highwayr.R. Dist, Hyderabad",,,,https://www.bing.com/maps?cp=17.463542938232422%7E78.71659851074219&lvl=16.0&q=Srinidhi%20Resorts%20%2C%20Aushapur%20Village%2C%20Ghatkesar%20Mandal%2C%20On%20Warangal%20Highwayr.R.%20Dist%2C%20Hyderabad
121,Hotel Vjr,"Ramoji Film City Main Road Abdullapur, Rangareddy, Pedda Ambarpet",,,,https://www.bing.com/maps?cp=17.305940628051758%7E78.6805191040039&lvl=16.0&q=Hotel%20Vjr%20%2C%20Ramoji%20Film%20City%20Main%20Road%20Abdullapur%2C%20Rangareddy%2C%20Pedda%20Ambarpet
122,FabHotel Green Leaf - Hotel in Kondapur,"D.No: 156-B, Near Krishnaveni Talent School, B. Block, Sriram Nagar, Kondapur, Hyderabad",,,,https://www.bing.com/maps?cp=17.490100860595703%7E78.60050201416016&lvl=16.0&q=FabHotel%20Green%20Leaf%20-%20Hotel%20in%20Kondapur%20%2C%20D.No%3A%20156-B%2C%20Near%20Krishnaveni%20Talent%20School%2C%20B.%20Block%2C%20Sriram%20Nagar%2C%20Kondapur%2C%20Hyderabad
123,OYO R.J.international,"Plot no.6 Near Ramoji Film City Arch, Abdullapur(V) Hyderabad - Vijayawada Highway, Hyderabad, Pedda Ambarpet",,,,https://www.bing.com/maps?cp=17.3103084564209%7E78.68424987792969&lvl=16.0&q=OYO%20R.J.international%20%2C%20Plot%20no.6%20Near%20Ramoji%20Film%20City%20Arch%2C%20Abdullapur(V)%20Hyderabad%20-%20Vijayawada%20Highway%2C%20Hyderabad%2C%20Pedda%20Ambarpet
124,OYO Happy Residency,"6-102/6-103, Rajeev Gruha Kalpa, S.LN Colony, Ghatkesar, Hyderabad",,,,https://www.bing.com/maps?cp=17.435400009155273%7E78.66133117675781&lvl=16.0&q=OYO%20Happy%20Residency%20%2C%206-102%2F6-103%2C%20Rajeev%20Gruha%20Kalpa%2C%20S.LN%20Colony%2C%20Ghatkesar%2C%20Hyderabad
125,OYO 68066 Kk Residency,"7/188/2 Ghatkesar Ghatkesar Rd Beside Hdfc Banksrinivasa Colony Viharika Colony Peerzadiguda Hyderabad, BibiNagar",,,,https://www.bing.com/maps?cp=17.449138641357422%7E78.6789321899414&lvl=16.0&q=OYO%2068066%20Kk%20Residency%20%2C%207%2F188%2F2%20Ghatkesar%20Ghatkesar%20Rd%20Beside%20Hdfc%20Banksrinivasa%20Colony%20Viharika%20Colony%20Peerzadiguda%20Hyderabad%2C%20BibiNagar
126,OYO Am Luxury Ac Room's,"5-208/a/1 Penjerla Road, Kothur, Telangana 509228",Hotel,0124 620 1614,https://www.oyorooms.com/206434,https://www.bing.com/maps?cp=17.143617630004883%7E78.29243469238281&lvl=16.0&q=OYO%20Am%20Luxury%20Ac%20Room's%20%2C%205-208%2Fa%2F1%20Penjerla%20Road%2C%20Kothur%2C%20Telangana%20509228
127,OYO Flagship A Delight Residency,"4-12-728/2, National Highway 65, Dwarakamai Nagar, Ward 13 Hayath Nagar, Abdullapurmet, Hyderabad, Telangana 500070",Hotel,0124 458 8630,https://oyorooms.com/113244,https://www.bing.com/maps?cp=17.329648971557617%7E78.5822982788086&lvl=16.0&q=OYO%20Flagship%20A%20Delight%20Residency%20%2C%204-12-728%2F2%2C%20National%20Highway%2065%2C%20Dwarakamai%20Nagar%2C%20Ward%2013%20Hayath%20Nagar%2C%20Abdullapurmet%2C%20Hyderabad%2C%20Telangana%20500070
128,Hotel Neem Tree- Hyderabad Airport,"14 Airport Road, Shamshabad, Telangana 501218",Hotel,085009 12345,https://www.hotelneemtree.com/,https://www.bing.com/maps?cp=17.259918212890625%7E78.3993911743164&lvl=16.0&q=Hotel%20Neem%20Tree-%20Hyderabad%20Airport%20%2C%2014%20Airport%20Road%2C%20Shamshabad%2C%20Telangana%20501218
129,Hotel SM Deccan Park Near Rajiv Gandhi International Airport,"11-3/4, NH-44 Near Airport, Shamshabad, Nagaram, Ranga Reddy, Hyderabad, Telangana 501218",Hotel,088868 55505,https://www.fabhotels.com/hotels-in-hyderabad/fabhotel-prime-sm-deccan-park.html,https://www.bing.com/maps?cp=17.260730743408203%7E78.38570404052734&lvl=16.0&q=Hotel%20SM%20Deccan%20Park%20Near%20Rajiv%20Gandhi%20International%20Airport%20%2C%2011-3%2F4%2C%20NH-44%20Near%20Airport%2C%20Shamshabad%2C%20Nagaram%2C%20Ranga%20Reddy%2C%20Hyderabad%2C%20Telangana%20501218
130,Hotel Elite By Signature Group,"New International Airport, Road, opp. Bus Stand, Shamshabad, Telangana 501218",Hotel,081210 01084,https://beachwalkresortfl.com/,https://www.bing.com/maps?cp=17.240262985229492%7E78.42938232421875&lvl=16.0&q=Hotel%20Elite%20By%20Signature%20Group%20%2C%20New%20International%20Airport%2C%20Road%2C%20opp.%20Bus%20Stand%2C%20Shamshabad%2C%20Telangana%20501218
131,Shloka Residency,"5-12/1 Brindavan Garden, Nehru Orr Ground Floor With 3 Floors, Gandiguda, Telangana 501218",Hotel,090324 44533,https://shlokaresidency.hotelmi.top,https://www.bing.com/maps?cp=17.250900268554688%7E78.37434387207031&lvl=16.0&q=Shloka%20Residency%20%2C%205-12%2F1%20Brindavan%20Garden%2C%20Nehru%20Orr%20Ground%20Floor%20With%203%20Floors%2C%20Gandiguda%2C%20Telangana%20501218
132,Hotel Hyderabad Grand,"H. NO. 23, Besides Royal Enfield Showroom, 183 and 23-183/A, Main Road, Shamshabad, Telangana 501218",Hotel,077299 92786,https://www.hotelhyderabadgrand.com/,https://www.bing.com/maps?cp=17.258756637573242%7E78.38397216796875&lvl=16.0&q=Hotel%20Hyderabad%20Grand%20%2C%20H.%20NO.%2023%2C%20Besides%20Royal%20Enfield%20Showroom%2C%20183%20and%2023-183%2FA%2C%20Main%20Road%2C%20Shamshabad%2C%20Telangana%20501218
133,Flagship Hotel R Square Bn Reddy,"87, Nagarjuna Sagar Road, BD Reddy Kaman, BN Reddy Road, Phase 4, Hastinapuram, Hyderabad, Telangana 500070",Hotel,0124 620 1614,https://www.oyorooms.com/208442/,https://www.bing.com/maps?cp=17.32326889038086%7E78.5582275390625&lvl=16.0&q=Flagship%20Hotel%20R%20Square%20Bn%20Reddy%20%2C%2087%2C%20Nagarjuna%20Sagar%20Road%2C%20BD%20Reddy%20Kaman%2C%20BN%20Reddy%20Road%2C%20Phase%204%2C%20Hastinapuram%2C%20Hyderabad%2C%20Telangana%20500070
134,Hotel O Satya Manorama Inn,"2-1-44 Gandhi Chowk Road, Khammam, Telangana 507003",Hotel,0124 620 1464,https://www.oyorooms.com/220973/,https://www.bing.com/maps?cp=17.248563766479492%7E80.13795471191406&lvl=16.0&q=Hotel%20O%20Satya%20Manorama%20Inn%20%2C%202-1-44%20Gandhi%20Chowk%20Road%2C%20Khammam%2C%20Telangana%20507003
135,Hampi Heritage and Wilderness Resort - Junglelodges,"State Highway 131, Near Kannada University, P.K.Halli Road Kamalapura, Taluk, Bellary, Karnataka 583276",Resort,094495 97874,https://www.junglelodges.com/resort/hampi-heritage-wilderness-resort/,https://www.bing.com/maps?cp=15.26387882232666%7E76.4861068725586&lvl=16.0&q=Hampi%20Heritage%20and%20Wilderness%20Resort%20-%20Junglelodges%20%2C%20State%20Highway%20131%2C%20Near%20Kannada%20University%2C%20P.K.Halli%20Road%20Kamalapura%2C%20Taluk%2C%20Bellary%2C%20Karnataka%20583276
136,Gouda Satram Hotel,"Manikyamma Ashramam Road, Srisailam Bus Stand, Srisailam, Andhra Pradesh 518101",Hotel,,,https://www.bing.com/maps?cp=16.073287963867188%7E78.87471008300781&lvl=16.0&q=Gouda%20Satram%20Hotel%20%2C%20Manikyamma%20Ashramam%20Road%2C%20Srisailam%20Bus%20Stand%2C%20Srisailam%2C%20Andhra%20Pradesh%20518101
137,Hotel Srisaila's Nest,"Hyderabad Highway Opp Govt Degree College, Sundipenta, Andhra Pradesh 518102",Hotel,091119 99525,http://www.hotelsrisailasnest.com/,https://www.bing.com/maps?cp=16.079404830932617%7E78.9053955078125&lvl=16.0&q=Hotel%20Srisaila's%20Nest%20%2C%20Hyderabad%20Highway%20Opp%20Govt%20Degree%20College%2C%20Sundipenta%2C%20Andhra%20Pradesh%20518102
138,Hotel Manorama,"6-2-1311/6, Hyderabad Road, Meerbagh Colony, Telangana 508001",Hotel,,,https://www.bing.com/maps?cp=17.076574325561523%7E79.26058959960938&lvl=16.0&q=Hotel%20Manorama%20%2C%206-2-1311%2F6%2C%20Hyderabad%20Road%2C%20Meerbagh%20Colony%2C%20Telangana%20508001
139,Swagath Residency,"Nagarjuna Sagar Road Vishnu Shopping Mall, 3rd Floor, Devarkonda 508243",Hotel,077949 63468,,https://www.bing.com/maps?cp=16.712461471557617%7E78.98130798339844&lvl=16.0&q=Swagath%20Residency%20%2C%20Nagarjuna%20Sagar%20Road%20Vishnu%20Shopping%20Mall%2C%203rd%20Floor%2C%20Devarkonda%20508243
140,Hotel Swagath Grand Miryalaguda,"H.No:18-700, Ashoknagar, Hanumanpet, Miryalguda, Mirialguda, Telangana 508207",Hotel,091009 85444,https://dhanturi.com/,https://www.bing.com/maps?cp=16.868019104003906%7E79.556396484375&lvl=16.0&q=Hotel%20Swagath%20Grand%20Miryalaguda%20%2C%20H.No%3A18-700%2C%20Ashoknagar%2C%20Hanumanpet%2C%20Miryalguda%2C%20Mirialguda%2C%20Telangana%20508207
141,"Hotel Haritha, Eegalapenta","Hotel Haritha Eegalapenta Genco Quarter's, Eegalapenta, Telangana 509326, SriSailam 509326",Hotel,083693 10271,https://tourism.telangana.gov.in/home,https://www.bing.com/maps?cp=16.094152450561523%7E78.89292907714844&lvl=16.0&q=Hotel%20Haritha%2C%20Eegalapenta%20%2C%20Hotel%20Haritha%20Eegalapenta%20Genco%20Quarter's%2C%20Eegalapenta%2C%20Telangana%20509326%2C%20SriSailam%20509326
142,Dsr lodge,"Opposite To Govt General Hospital Beside Me N Moms Shopee, Kurnool, Andhra Pradesh 518002",Lodge,063005 66105,https://dsrlodge.hotlb.top,https://www.bing.com/maps?cp=15.820629119873047%7E78.04047393798828&lvl=16.0&q=Dsr%20lodge%20%2C%20Opposite%20To%20Govt%20General%20Hospital%20Beside%20Me%20N%20Moms%20Shopee%2C%20Kurnool%2C%20Andhra%20Pradesh%20518002
143,Sai Krishna Residency,"6-2-64, Near Tirumala Theatre, Nalgonda, Telangana 508001",Hotel,096181 53043,,https://www.bing.com/maps?cp=17.06093978881836%7E79.26667785644531&lvl=16.0&q=Sai%20Krishna%20Residency%20%2C%206-2-64%2C%20Near%20Tirumala%20Theatre%2C%20Nalgonda%2C%20Telangana%20508001
144,Hotel Balaji Grand Telangana,"1-2-204, M.G. Road, Suryapet (Hotel Balaji Grand Premises), Suryapet Cell : 6302363746, Suryapet (Telangana) - 508213, Suryapet Locality, Suryapet, Telangana",Hotel,096406 98883,,https://www.bing.com/maps?cp=17.144100189208984%7E79.6211929321289&lvl=16.0&q=Hotel%20Balaji%20Grand%20Telangana%20%2C%201-2-204%2C%20M.G.%20Road%2C%20Suryapet%20(Hotel%20Balaji%20Grand%20Premises)%2C%20Suryapet%20Cell%20%3A%206302363746%2C%20Suryapet%20(Telangana)%20-%20508213%2C%20Suryapet%20Locality%2C%20Suryapet%2C%20Telangana
145,Sri Prasad Udupi Hotel,"Panagal Road, Padmavathi Nagar Colony 722541",Hotel,086822 26688,,https://www.bing.com/maps?cp=17.066417694091797%7E79.2647476196289&lvl=16.0&q=Sri%20Prasad%20Udupi%20Hotel%20%2C%20Panagal%20Road%2C%20Padmavathi%20Nagar%20Colony%20722541
146,VLS Residency,"30\507, Keerthi Delux Road, Vinukonda, Guntur, Andhra Pradesh 522647",Hotel,086462 74455,,https://www.bing.com/maps?cp=16.04929542541504%7E79.74197387695312&lvl=16.0&q=VLS%20Residency%20%2C%2030%5C507%2C%20Keerthi%20Delux%20Road%2C%20Vinukonda%2C%20Guntur%2C%20Andhra%20Pradesh%20522647
147,Collection O Hotel Mango Tree,"11\11\23\B\2\A\1, Gattaiah Center Near CPM Office, Khammam, Telangana 507002",Hotel,0124 620 1464,https://www.oyorooms.com/215116/,https://www.bing.com/maps?cp=17.251968383789062%7E80.14376831054688&lvl=16.0&q=Collection%20O%20Hotel%20Mango%20Tree%20%2C%2011%5C11%5C23%5CB%5C2%5CA%5C1%2C%20Gattaiah%20Center%20Near%20CPM%20Office%2C%20Khammam%2C%20Telangana%20507002
148,Sri Sri Sri Hotel,"Rto Junction, Khammam, Telangana 507001",Hotel,098484 17397,https://www.srisrisrihotel.com/,https://www.bing.com/maps?cp=17.26108169555664%7E80.15374755859375&lvl=16.0&q=Sri%20Sri%20Sri%20Hotel%20%2C%20Rto%20Junction%2C%20Khammam%2C%20Telangana%20507001
149,Hotel Grand Akkamahadevi,"6\30\173, Srisailam Road, Sundipenta, Kurnool, Andhra Pradesh 518102",Hotel,085242 85002,https://www.facebook.com/GrandAkkamahadevi/,https://www.bing.com/maps?cp=16.0710506439209%7E78.90836334228516&lvl=16.0&q=Hotel%20Grand%20Akkamahadevi%20%2C%206%5C30%5C173%2C%20Srisailam%20Road%2C%20Sundipenta%2C%20Kurnool%2C%20Andhra%20Pradesh%20518102
150,Sapthagiri Lodge,"College Road, Tvcr Complex 523316",Lodge,,,https://www.bing.com/maps?cp=15.743782043457031%7E79.27345275878906&lvl=16.0&q=Sapthagiri%20Lodge%20%2C%20College%20Road%2C%20Tvcr%20Complex%20523316
151,Radha Rani Residency,"H NO 15\8\885, Srinagar Colony, Mamatha Hospital Road, Khammam, Telangana 507002",Hotel,088866 62068,https://radharaniresidency.oasishotl.com,https://www.bing.com/maps?cp=17.23259925842285%7E80.1680908203125&lvl=16.0&q=Radha%20Rani%20Residency%20%2C%20H%20NO%2015%5C8%5C885%2C%20Srinagar%20Colony%2C%20Mamatha%20Hospital%20Road%2C%20Khammam%2C%20Telangana%20507002
152,Sri Sri Sri Excellency,"Bypass Road Beside Raparti Nagar Railway Over Bridge, Khammam, Telangana 507001",Bed & breakfast,091003 33116,https://srisrisriexcellency.com/,https://www.bing.com/maps?cp=17.2653751373291%7E80.14041900634766&lvl=16.0&q=Sri%20Sri%20Sri%20Excellency%20%2C%20Bypass%20Road%20Beside%20Raparti%20Nagar%20Railway%20Over%20Bridge%2C%20Khammam%2C%20Telangana%20507001
153,Sri Mamatha Inn,"1-4-72, M G Road, Suryapet, Telangana 508213",Hotel,,,https://www.bing.com/maps?cp=17.151918411254883%7E79.61860656738281&lvl=16.0&q=Sri%20Mamatha%20Inn%20%2C%201-4-72%2C%20M%20G%20Road%2C%20Suryapet%2C%20Telangana%20508213
154,Stay Inn Hotel,"6-2-1412, Central Business Centre, Clock Tower, Nalgonda, Telangana 508001",Hotel,086822 22234,,https://www.bing.com/maps?cp=17.063148498535156%7E79.26680755615234&lvl=16.0&q=Stay%20Inn%20Hotel%20%2C%206-2-1412%2C%20Central%20Business%20Centre%2C%20Clock%20Tower%2C%20Nalgonda%2C%20Telangana%20508001
155,Hotel Manorama,"Flot No: 1 H No: 6-2-1230/105 VT Colony, Hyderabad Road, Nalgonda(Telangana), Nalgonda (Telangana), Nalgonda Locality, Nalgonda, Telangana",Hotel,098666 45454,https://www.oyorooms.com/60024,https://www.bing.com/maps?cp=17.076519012451172%7E79.26014709472656&lvl=16.0&q=Hotel%20Manorama%20%2C%20Flot%20No%3A%201%20H%20No%3A%206-2-1230%2F105%20VT%20Colony%2C%20Hyderabad%20Road%2C%20Nalgonda(Telangana)%2C%20Nalgonda%20(Telangana)%2C%20Nalgonda%20Locality%2C%20Nalgonda%2C%20Telangana
156,OYO Flagship Venus Lodge,"Women's Police Station, Kaman Bazaar, Gandhi Chowk, Khammam, Telangana 507163",Lodge,0124 620 1464,https://www.oyorooms.com/168264/?checkin=05%2F05%2F2022&checkout=06%2F05%2F2022&rooms=1&guests=1&rooms_config=1-1_0&coupon=OYOTHIRTYFIVE,https://www.bing.com/maps?cp=17.248397827148438%7E80.13983917236328&lvl=16.0&q=OYO%20Flagship%20Venus%20Lodge%20%2C%20Women's%20Police%20Station%2C%20Kaman%20Bazaar%2C%20Gandhi%20Chowk%2C%20Khammam%2C%20Telangana%20507163
157,OYO Flagship Hotel Sri Arunachala Grand,"17-303/1, A/1, Khammam Bypass Rd, Opposite RRR Convention Hall, Dwaraka Nagar, Bank Colony, Khammam, Telangana",Hotel,0124 620 1464,https://www.oyorooms.com/213127/?locale=hi,https://www.bing.com/maps?cp=17.259550094604492%7E80.1559066772461&lvl=16.0&q=OYO%20Flagship%20Hotel%20Sri%20Arunachala%20Grand%20%2C%2017-303%2F1%2C%20A%2F1%2C%20Khammam%20Bypass%20Rd%2C%20Opposite%20RRR%20Convention%20Hall%2C%20Dwaraka%20Nagar%2C%20Bank%20Colony%2C%20Khammam%2C%20Telangana
158,Capital O 84530 Hotel Harsha Inn,"90/156 Gandhi Chowk Burma Shell Road Green Chillies, Khammam, Telangana 507001",Hotel,0124 620 1464,,https://www.bing.com/maps?cp=17.24588966369629%7E80.1386947631836&lvl=16.0&q=Capital%20O%2084530%20Hotel%20Harsha%20Inn%20%2C%2090%2F156%20Gandhi%20Chowk%20Burma%20Shell%20Road%20Green%20Chillies%2C%20Khammam%2C%20Telangana%20507001
159,OYO 24288 Surya Teja Residency,"4-113/1/6, Opp Rtc Complex, Nst Road, Cure Hospital Lane, Khammam, Telangana 507001",Hotel,070651 11128,https://www.oyo-24288-surya-teja-residency-khammam-in.hotelmix.es,https://www.bing.com/maps?cp=17.256359100341797%7E80.15711212158203&lvl=16.0&q=OYO%2024288%20Surya%20Teja%20Residency%20%2C%204-113%2F1%2F6%2C%20Opp%20Rtc%20Complex%2C%20Nst%20Road%2C%20Cure%20Hospital%20Lane%2C%20Khammam%2C%20Telangana%20507001
160,Bk Residency,"Railway Station Road Old Bus Stand, Khammam, Telangana 507001",Hotel,099854 24196,https://www.bk-residency-khammam.hotelmix.es,https://www.bing.com/maps?cp=17.251739501953125%7E80.14232635498047&lvl=16.0&q=Bk%20Residency%20%2C%20Railway%20Station%20Road%20Old%20Bus%20Stand%2C%20Khammam%2C%20Telangana%20507001
161,OYO 36823 Hotel Vamsee Empire,"9-1-74/A, Beside to Himalaya Store, Near Mahila Police Station, Braman Bazar, Nizampet, Khammam Railway Station Road, Khammam, Telangana 507001",Hotel,0124 620 1464,https://www.oyorooms.com/h/55244?utm_source=Bing_bp&utm_medium=listing&utm_campaign=KMM003,https://www.bing.com/maps?cp=17.245609283447266%7E80.14143371582031&lvl=16.0&q=OYO%2036823%20Hotel%20Vamsee%20Empire%20%2C%209-1-74%2FA%2C%20Beside%20to%20Himalaya%20Store%2C%20Near%20Mahila%20Police%20Station%2C%20Braman%20Bazar%2C%20Nizampet%2C%20Khammam%20Railway%20Station%20Road%2C%20Khammam%2C%20Telangana%20507001
162,Super OYO Flagship Hotel Sridhar,"11-1-35 Wyra Road, Khammam",,,,https://www.bing.com/maps?cp=17.250192642211914%7E80.15484619140625&lvl=16.0&q=Super%20OYO%20Flagship%20Hotel%20Sridhar%20%2C%2011-1-35%20Wyra%20Road%2C%20Khammam
163,Vasu Hotel,"Eluru Road, Sri Venkateswara Childrens Hospital, Palawancha, Paloncha",,,,https://www.bing.com/maps?cp=17.589366912841797%7E80.69849395751953&lvl=16.0&q=Vasu%20Hotel%20%2C%20Eluru%20Road%2C%20Sri%20Venkateswara%20Childrens%20Hospital%2C%20Palawancha%2C%20Paloncha
164,Hotel Rr Residency,"Door NO 2/3/122 TO 129, Gandhi Chowk, Khammam",,,,https://www.bing.com/maps?cp=17.24366569519043%7E80.13809967041016&lvl=16.0&q=Hotel%20Rr%20Residency%20%2C%20Door%20NO%202%2F3%2F122%20TO%20129%2C%20Gandhi%20Chowk%2C%20Khammam
165,Hotel O Arjun Residency,"H.no:15-8-672/2/A/1, Srinagar Colony Mamata Medical College Road, Netaji Nagar, Khammam",,,,https://www.bing.com/maps?cp=17.240249633789062%7E80.16790771484375&lvl=16.0&q=Hotel%20O%20Arjun%20Residency%20%2C%20H.no%3A15-8-672%2F2%2FA%2F1%2C%20Srinagar%20Colony%20Mamata%20Medical%20College%20Road%2C%20Netaji%20Nagar%2C%20Khammam
166,Hotel Udupi International,"Hotel Udupi International Plot;5-114/1A, OPP TO Janardana Temple, Pangala",,,,https://www.bing.com/maps?cp=17.25%7E80.1500015258789&lvl=16.0&q=Hotel%20Udupi%20International%20%2C%20Hotel%20Udupi%20International%20Plot%3B5-114%2F1A%2C%20OPP%20TO%20Janardana%20Temple%2C%20Pangala
167,24288 Surya Teja Residency,"3, NST Rd, Balaji Nagar, Khammam",,,,https://www.bing.com/maps?cp=17.252275466918945%7E80.14381408691406&lvl=16.0&q=24288%20Surya%20Teja%20Residency%20%2C%203%2C%20NST%20Rd%2C%20Balaji%20Nagar%2C%20Khammam
168,OYO 24292 Ista Prime,"662, Khammam, Hotel Insta Prime, Near District Court, Wyraroad Kamam, Khammam",,,,https://www.bing.com/maps?cp=17.25212287902832%7E80.16641235351562&lvl=16.0&q=OYO%2024292%20Ista%20Prime%20%2C%20662%2C%20Khammam%2C%20Hotel%20Insta%20Prime%2C%20Near%20District%20Court%2C%20Wyraroad%20Kamam%2C%20Khammam
169,Hotel S Park,"1-8-89, 90, 91, Jubeelipura, Kalvodu, Khammam-507003, Khammam",,,,https://www.bing.com/maps?cp=17.251724243164062%7E80.1340103149414&lvl=16.0&q=Hotel%20S%20Park%20%2C%201-8-89%2C%2090%2C%2091%2C%20Jubeelipura%2C%20Kalvodu%2C%20Khammam-507003%2C%20Khammam
170,Super Townhouse Khammam formerly Bluemoon,"11-9-167/1, NST Road, Near Sri Krishna Emergency Hospital, Khammam",,,,https://www.bing.com/maps?cp=17.253530502319336%7E80.14642333984375&lvl=16.0&q=Super%20Townhouse%20Khammam%20formerly%20Bluemoon%20%2C%2011-9-167%2F1%2C%20NST%20Road%2C%20Near%20Sri%20Krishna%20Emergency%20Hospital%2C%20Khammam
171,Hotel Konark,"8-2-163, Nizampeta, Wyra Road, Khammam",,,,https://www.bing.com/maps?cp=17.248424530029297%7E80.14693450927734&lvl=16.0&q=Hotel%20Konark%20%2C%208-2-163%2C%20Nizampeta%2C%20Wyra%20Road%2C%20Khammam
172,OYO NA Grand Residency,"Bus Depot Road, 1 A2Thiruverkadu, Parasakthi Nagar, Arjunamedu, Chennai (Madras)",,,,https://www.bing.com/maps?cp=17.25876808166504%7E80.14057159423828&lvl=16.0&q=OYO%20NA%20Grand%20Residency%20%2C%20Bus%20Depot%20Road%2C%201%20A2Thiruverkadu%2C%20Parasakthi%20Nagar%2C%20Arjunamedu%2C%20Chennai%20(Madras)
173,Sri Sri Sri Hotel,"H.No:11-11-189/2, R.T.O Office Junction, Near HP Petrol Bunk, Bypass Road, Khammam, Telangana, Khammam Locality, Khammam",,,,https://www.bing.com/maps?cp=17.261072158813477%7E80.15374755859375&lvl=16.0&q=Sri%20Sri%20Sri%20Hotel%20%2C%20H.No%3A11-11-189%2F2%2C%20R.T.O%20Office%20Junction%2C%20Near%20HP%20Petrol%20Bunk%2C%20Bypass%20Road%2C%20Khammam%2C%20Telangana%2C%20Khammam%20Locality%2C%20Khammam
174,Hotel Grand Gayathri,"15-9-543/1, Wyra Road Khammam Locality, Khammam",,,,https://www.bing.com/maps?cp=17.250093460083008%7E80.15483093261719&lvl=16.0&q=Hotel%20Grand%20Gayathri%20%2C%2015-9-543%2F1%2C%20Wyra%20Road%20Khammam%20Locality%2C%20Khammam
175,Hotel Grand Gayathri,"15\11\87 Wyra Road, Khammam",,,,https://www.bing.com/maps?cp=17.25212287902832%7E80.15711975097656&lvl=16.0&q=Hotel%20Grand%20Gayathri%20%2C%2015%5C11%5C87%20Wyra%20Road%2C%20Khammam
176,Hotel Ishta Residency,"Nst Road Near Rythu Bazar, Khammam",,,,https://www.bing.com/maps?cp=17.256359100341797%7E80.15711212158203&lvl=16.0&q=Hotel%20Ishta%20Residency%20%2C%20Nst%20Road%20Near%20Rythu%20Bazar%2C%20Khammam
177,OYO 77180 Sri Vasudha Residency,"78933 05556, Bharatamma Kiranam, Khammam",,,,https://www.bing.com/maps?cp=17.248199462890625%7E80.14215850830078&lvl=16.0&q=OYO%2077180%20Sri%20Vasudha%20Residency%20%2C%2078933%2005556%2C%20Bharatamma%20Kiranam%2C%20Khammam
178,Hotel Vaibhav Inn,"11-4-59, 60, Wyra Rd, Khammam",,,,https://www.bing.com/maps?cp=17.248842239379883%7E80.1479721069336&lvl=16.0&q=Hotel%20Vaibhav%20Inn%20%2C%2011-4-59%2C%2060%2C%20Wyra%20Rd%2C%20Khammam
