index,Name,Address,Category,Phone,Avg_review,Reviews,Maps_url
0,"SS LADIES EMPORIUM. Tirumala Emeralds Colony, Ragannaguda, Hyderabad","on, Road No 2B, Ragannaguda, Tirumala Emeralds Colony Tirumala Emeralds Colony Ragannaguda Village Road Nagarjuna Sagar Road, line, opposite Ganesh Temple",Bangle Shop,,5.0,25.0,"https://www.google.com/maps/place/SS+LADIES+EMPORIUM.+Tirumala+Emeralds+Colony,+Ragannaguda,+Hyderabad/data=!4m7!3m6!1s0x3bcba14b4f5acc27:0xa4dd47da779c3e7e!8m2!3d17.2598299!4d78.5916869!16s%2Fg%2F11r349tzd0!19sChIJJ8xaT0uhyzsRfj6cd9pH3aQ?authuser=0&hl=en&rclk=1"
1,HR ladies Emporium,"5-93, opp. Eenadu Bank",Jewelry store,098489 73076,3.8,5.0,https://www.google.com/maps/place/HR+ladies+Emporium/data=!4m7!3m6!1s0x3bcb9791c8850f45:0x15367b900fe5ac6e!8m2!3d17.3640481!4d78.4254665!16s%2Fg%2F11f9zfwk66!19sChIJRQ-FyJGXyzsRbqzlD5B7NhU?authuser=0&hl=en&rclk=1
2,Sri laxmi ladies emporium,"JGPV+24P, Market Rd",General store,098667 67083,4.2,6.0,https://www.google.com/maps/place/Sri+laxmi+ladies+emporium/data=!4m7!3m6!1s0x3a32d095e60f0465:0x763b59e0db87df5c!8m2!3d18.6350975!4d79.5428348!16s%2Fg%2F11cn5k78wf!19sChIJZQQP5pXQMjoRXN-H2-BZO3Y?authuser=0&hl=en&rclk=1
3,MAHATHI LADIES EMPORIUM & IMITATION JEWELLERY,"PVSR PALACE, Golden Temple Rd, opp. CENTRAL BANK OF INDIA",Women's clothing store,079813 04490,4.9,68.0,https://www.google.com/maps/place/MAHATHI+LADIES+EMPORIUM+%26+IMITATION+JEWELLERY/data=!4m7!3m6!1s0x3bcb957303d2f46b:0x7585355a2b06df80!8m2!3d17.4003957!4d78.3812419!16s%2Fg%2F11stjfsz0t!19sChIJa_TSA3OVyzsRgN8GK1o1hXU?authuser=0&hl=en&rclk=1
4,Lakshmi Ladies Emporium,"H.No 37, 103, Neredmet X Rd, opp. to BOI and SBI atm",Cosmetics store,098663 69237,4.6,38.0,https://www.google.com/maps/place/Lakshmi+Ladies+Emporium/data=!4m7!3m6!1s0x3a27af07389cb377:0xd4d7e512e9e30c3d!8m2!3d17.4813111!4d78.5364294!16s%2Fg%2F11bwf7_tbn!19sChIJd7OcOAevJzoRPQzj6RLl19Q?authuser=0&hl=en&rclk=1
5,NISSA Ladies Emporium,,Shopping mall,098851 39924,4.8,5.0,https://www.google.com/maps/place/NISSA+Ladies+Emporium/data=!4m7!3m6!1s0x3bcb987b70000001:0xfee1029346ad2650!8m2!3d17.3487089!4d78.5133454!16s%2Fg%2F11f_b_hrml!19sChIJAQAAcHuYyzsRUCatRpMC4f4?authuser=0&hl=en&rclk=1
6,LADIES. EMPORIUM,,Shopping mall,,4.1,19.0,https://www.google.com/maps/place/LADIES.+EMPORIUM/data=!4m7!3m6!1s0x3bcba395dc8288d7:0xd14e3f9b788f58bf!8m2!3d17.3213933!4d78.5652532!16s%2Fg%2F11j4dq8rc7!19sChIJ14iC3JWjyzsRv1iPeJs_TtE?authuser=0&hl=en&rclk=1
7,Mahalakshmi Ladies Emporium,"H 39/A, 1, N Rd Number 11",Cosmetics store,062810 34119,5.0,4.0,https://www.google.com/maps/place/Mahalakshmi+Ladies+Emporium/data=!4m7!3m6!1s0x3bcb993b49885897:0xff364961ff2e1b83!8m2!3d17.3668217!4d78.547278!16s%2Fg%2F11swswf462!19sChIJl1iISTuZyzsRgxsu_2FJNv8?authuser=0&hl=en&rclk=1
8,Sri Padmavati Ladies Emporium,"Plot no 2724,Telugu Talli Nagar, Qutbullapur",Clothing store,,4.7,3.0,https://www.google.com/maps/place/Sri+Padmavati+Ladies+Emporium/data=!4m7!3m6!1s0x3bcb8f2bd7b6c9bd:0xbfe00f9542896554!8m2!3d17.5482382!4d78.4384786!16s%2Fg%2F11fq9k3sj9!19sChIJvcm21yuPyzsRVGWJQpUP4L8?authuser=0&hl=en&rclk=1
9,New Fashion Ladies Emporium,"Shop No. 7-81, Satya Laxmi Estate Complex, Santosh Nagar Main Rd, beside pista house",Cosmetics store,093464 62159,3.7,6.0,https://www.google.com/maps/place/New+Fashion+Ladies+Emporium/data=!4m7!3m6!1s0x3bcb98706cce9e3d:0x49fd3463cf97502f!8m2!3d17.3462792!4d78.5078408!16s%2Fg%2F1v3_13pn!19sChIJPZ7ObHCYyzsRL1CXz2M0_Uk?authuser=0&hl=en&rclk=1
10,Neelam Ladies Emporium,"4-5-528, Vegetable Market, Badi Chowdi, Sultan Bazar",Cosmetics store,040 6646 9523,4.4,10.0,https://www.google.com/maps/place/Neelam+Ladies+Emporium/data=!4m7!3m6!1s0x3bcb99ce13699c5f:0x66298f8e4812628c!8m2!3d17.3883674!4d78.4878588!16s%2Fg%2F11b8z_y37q!19sChIJX5xpE86ZyzsRjGISSI6PKWY?authuser=0&hl=en&rclk=1
11,Lahari ladies emporium,7GGP+PHR,Bangle Shop,097033 44284,5.0,4.0,https://www.google.com/maps/place/Lahari+ladies+emporium/data=!4m7!3m6!1s0x3bcba34fc25e96d1:0x83c669544ec985ae!8m2!3d17.2768625!4d78.5363906!16s%2Fg%2F11sx__q3yz!19sChIJ0ZZewk-jyzsRroXJTlRpxoM?authuser=0&hl=en&rclk=1
12,Ashwini Ladies Emporium,,Wholesaler,090307 80204,5.0,1.0,https://www.google.com/maps/place/Ashwini+Ladies+Emporium/data=!4m7!3m6!1s0x3bcb98703dd77b6b:0x623eaf8ba7d6e6e7!8m2!3d17.3466835!4d78.5078425!16s%2Fg%2F1q5grvrd6!19sChIJa3vXPXCYyzsR5-bWp4uvPmI?authuser=0&hl=en&rclk=1
13,SAI LADIES EMPORIUM,"MCD Heights, Plot No. 1754",Cosmetics store,099497 66595,5.0,15.0,https://www.google.com/maps/place/SAI+LADIES+EMPORIUM/data=!4m7!3m6!1s0x3bcb93db389ae22b:0x8367b5386c1a4eeb!8m2!3d17.4845639!4d78.3810759!16s%2Fg%2F11l23rvpp1!19sChIJK-KaONuTyzsR604abDi1Z4M?authuser=0&hl=en&rclk=1
14,"Sri Lakshmi Ladies Emporium, Electrical & Gift, General store","MGPQ+9X4, Shopping Complex Rd",Shopping mall,099497 57009,5.0,1.0,"https://www.google.com/maps/place/Sri+Lakshmi+Ladies+Emporium,+Electrical+%26+Gift,+General+store/data=!4m7!3m6!1s0x3a32d14fcd897653:0x12b5d4589621126b!8m2!3d18.6859334!4d79.5399551!16s%2Fg%2F11s98j6wz4!19sChIJU3aJzU_RMjoRaxIhlljUtRI?authuser=0&hl=en&rclk=1"
15,meenakshe ladies emporium,,Women's clothing store,098485 09345,4.7,125.0,https://www.google.com/maps/place/meenakshe+ladies+emporium/data=!4m7!3m6!1s0x3bcba1ba0eda588d:0x8fabf066ea62ba54!8m2!3d17.3290259!4d78.573476!16s%2Fg%2F11c5srlh55!19sChIJjVjaDrqhyzsRVLpi6mbwq48?authuser=0&hl=en&rclk=1
16,H.Radhika ladies emporium,"Shop No-5, opp. Hanuman Temple, near bus stop",Bangle Shop,098490 80288,4.7,14.0,https://www.google.com/maps/place/H.Radhika+ladies+emporium/data=!4m7!3m6!1s0x3bcb8dff9945f063:0xb322327093691b9d!8m2!3d17.5162622!4d78.3817168!16s%2Fg%2F1pp2vk8s7!19sChIJY_BFmf-NyzsRnRtpk3AyIrM?authuser=0&hl=en&rclk=1
17,Sai Ladies Emporium,"Plot no 546, shop no 4, mainroad, beside DTDC courier, opp. jntu",Cosmetics store,098483 84072,4.3,21.0,https://www.google.com/maps/place/Sai+Ladies+Emporium/data=!4m7!3m6!1s0x3bcb8e1d4bf0e4af:0x28af1eefa5ca83c7!8m2!3d17.5168186!4d78.396106!16s%2Fg%2F1pp2vh2_j!19sChIJr-TwSx2OyzsRx4PKpe8eryg?authuser=0&hl=en&rclk=1
18,Shiva Sai ladies emporium,,Cosmetics store,098497 84816,5.0,2.0,https://www.google.com/maps/place/Shiva+Sai+ladies+emporium/data=!4m7!3m6!1s0x3bcbbd15d20b898b:0x80630a9dbc61766c!8m2!3d17.3046548!4d78.4394538!16s%2Fg%2F11s22_6yb7!19sChIJi4kL0hW9yzsRbHZhvJ0KY4A?authuser=0&hl=en&rclk=1
19,DR LADIES EMPORIUM,"plot no 206, neaVIBGYOR international school",Shopping mall,099512 00498,3.1,7.0,https://www.google.com/maps/place/DR+LADIES+EMPORIUM/data=!4m7!3m6!1s0x3bcb929ee5d2a83f:0xa5910067a3531e7d!8m2!3d17.5074211!4d78.3193231!16s%2Fg%2F11g70k5mzr!19sChIJP6jS5Z6SyzsRfR5To2cAkaU?authuser=0&hl=en&rclk=1
20,"Swapna Ladies Emporium, Best bangles store",,Bangle Shop,098497 62883,5.0,2.0,"https://www.google.com/maps/place/Swapna+Ladies+Emporium,+Best+bangles+store/data=!4m7!3m6!1s0x3bcb914877ff8dd9:0x947849d793b74014!8m2!3d17.5115105!4d78.424491!16s%2Fg%2F11rcq4y8bb!19sChIJ2Y3_d0iRyzsRFEC3k9dJeJQ?authuser=0&hl=en&rclk=1"
21,BHAVANÃŽ LADIES EMPORIUM,,Clothing Accessories Store,096033 95857,4.5,4.0,https://www.google.com/maps/place/BHAVAN%C3%8E+LADIES+EMPORIUM/data=!4m7!3m6!1s0x3bcb911c94aa0fbd:0x31ad8844f897ff2!8m2!3d17.4575839!4d78.4254247!16s%2Fg%2F1ygltgcxc!19sChIJvQ-qlByRyzsR8n-JT4TYGgM?authuser=0&hl=en&rclk=1
22,MS Ladies Emporium And Stationery,,Bangle Shop,,5.0,1.0,https://www.google.com/maps/place/MS+Ladies+Emporium+And+Stationery/data=!4m7!3m6!1s0x3bcb853588bc205b:0xca6ee69ee3a4d969!8m2!3d17.540311!4d78.4869343!16s%2Fg%2F11vpzf1084!19sChIJWyC8iDWFyzsRadmk457mbso?authuser=0&hl=en&rclk=1
23,Sri Mahalakshmi ladies emporium,"p, no 73, Akshaya Nagar Colony Rd",Women's clothing store,077801 00163,5.0,3.0,https://www.google.com/maps/place/Sri+Mahalakshmi+ladies+emporium/data=!4m7!3m6!1s0x3bcb9f61cc65f125:0x8d97016e8f6302d4!8m2!3d17.4180501!4d78.5761997!16s%2Fg%2F11kpzn8p_r!19sChIJJfFlzGGfyzsR1AJjj24Bl40?authuser=0&hl=en&rclk=1
24,Kasturi's Ladies emporium,"Suguna Arcade, beside apollo Pharmacy and Reliance smart point",Bangle Shop,,5.0,3.0,https://www.google.com/maps/place/Kasturi%27s+Ladies+emporium/data=!4m7!3m6!1s0x3bcb9359fcb1e49b:0x44bb2883f40c0697!8m2!3d17.50601!4d78.3356419!16s%2Fg%2F11y3zmqr2s!19sChIJm-Sx_FmTyzsRlwYM9IMou0Q?authuser=0&hl=en&rclk=1
25,"S S ladies Emporium,bangle store and Matching Centre","Parvathapur Rd, near sri chaitanya school",Bangle Shop,081435 64274,5.0,2.0,"https://www.google.com/maps/place/S+S+ladies+Emporium,bangle+store+and+Matching+Centre/data=!4m7!3m6!1s0x3bcb9f103686e4d1:0x7a99790dc63e3dc9!8m2!3d17.3910387!4d78.6069863!16s%2Fg%2F11sm9b70dc!19sChIJ0eSGNhCfyzsRyT0-xg15mXo?authuser=0&hl=en&rclk=1"
26,BEAUTY LADIES EMPORIUM,Nampally,Health and beauty shop,083748 62786,4.0,8.0,https://www.google.com/maps/place/BEAUTY+LADIES+EMPORIUM/data=!4m7!3m6!1s0x3bcb9723dd528949:0x75b218882aebb6b0!8m2!3d17.3911967!4d78.4641005!16s%2Fg%2F11t3dw_mlc!19sChIJSYlS3SOXyzsRsLbrKogYsnU?authuser=0&hl=en&rclk=1
27,Sri Divya Ladies Emporium,"2-56/33, 39/2, Ayyappa Society Main Rd",Clothing Accessories Store,099087 22309,3.4,14.0,https://www.google.com/maps/place/Sri+Divya+Ladies+Emporium/data=!4m7!3m6!1s0x3bcb915dbcbd39bb:0x7467deade00fb6e7!8m2!3d17.4444642!4d78.3920734!16s%2Fg%2F11c6_wq8br!19sChIJuzm9vF2RyzsR57YP4K3eZ3Q?authuser=0&hl=en&rclk=1
28,Stylish Ladies Emporium,Plot no 10 shop no 11,Clothing Accessories Store,094931 01122,,,https://www.google.com/maps/place/Stylish+Ladies+Emporium/data=!4m7!3m6!1s0x3bcb99d8609f61f9:0xf9aab30e86f58543!8m2!3d17.3626598!4d78.5379113!16s%2Fg%2F11hzm1y3dw!19sChIJ-WGfYNiZyzsRQ4X1hg6zqvk?authuser=0&hl=en&rclk=1
29,Sri Laxmi Ladies Emporium,03-12-1971,General store,092902 05020,5.0,1.0,https://www.google.com/maps/place/Sri+Laxmi+Ladies+Emporium/data=!4m7!3m6!1s0x3a334583965d58e9:0xba4190bca02fbf1b!8m2!3d18.0093654!4d79.5689799!16s%2Fg%2F1q660y3x6!19sChIJ6VhdloNFMzoRG78voLyQQbo?authuser=0&hl=en&rclk=1
30,For Her - Ladies Emporium,Crown residency,Cosmetics store,,3.7,7.0,https://www.google.com/maps/place/For+Her+-+Ladies+Emporium/data=!4m7!3m6!1s0x3bcb939f349eb871:0x56e8678d78c189e5!8m2!3d17.4713901!4d78.3322657!16s%2Fg%2F11p55tv6g6!19sChIJcbieNJ-TyzsR5YnBeI1n6FY?authuser=0&hl=en&rclk=1
31,Ladies Emporium,"Rekurthi Sammaka, saralama road 1",Shopping mall,080081 76621,4.7,3.0,https://www.google.com/maps/place/Ladies+Emporium/data=!4m7!3m6!1s0x3bccdf274a791c3f:0xb638debb3c45856f!8m2!3d18.4681236!4d79.1089376!16s%2Fg%2F11r_k6f84y!19sChIJPxx5SiffzDsRb4VFPLveOLY?authuser=0&hl=en&rclk=1
32,Sri Lakshmi manemma Ladies Emporium,"Hanuman Coconut Shop, Bus Stop, 9-1-39/A/A, opp. Hasmathpet",Cosmetics store,090146 24443,5.0,4.0,https://www.google.com/maps/place/Sri+Lakshmi+manemma+Ladies+Emporium/data=!4m7!3m6!1s0x3bcb9b63099985e7:0xbbeceb84699ade69!8m2!3d17.4749063!4d78.4857407!16s%2Fg%2F11fj0tj664!19sChIJ54WZCWObyzsRad6aaYTr7Ls?authuser=0&hl=en&rclk=1
33,Meenakshi Ladies Emporium,,Health and beauty shop,090004 57766,3.9,42.0,https://www.google.com/maps/place/Meenakshi+Ladies+Emporium/data=!4m7!3m6!1s0x3bcb91eafdd342b1:0x3bcef6a060adb117!8m2!3d17.495576!4d78.404239!16s%2Fg%2F1q5cccwyf!19sChIJsULT_eqRyzsRF7GtYKD2zjs?authuser=0&hl=en&rclk=1
34,Raja ladies emporium,FCP7+F88,Cosmetics store,099495 21208,5.0,8.0,https://www.google.com/maps/place/Raja+ladies+emporium/data=!4m7!3m6!1s0x3bcb9162131dc60d:0x74bfd94c03f16486!8m2!3d17.4861676!4d78.4133171!16s%2Fg%2F11qs8cz8zf!19sChIJDcYdE2KRyzsRhmTxA0zZv3Q?authuser=0&hl=en&rclk=1
35,Han`s Ladies Emporium,"7-30, Road No 2, Madhura Puri Colony, Dilsukh Nagar, Dilsukh Nagar",Lingerie store,093900 26067,5.0,2.0,https://www.google.com/maps/place/Han%60s+Ladies+Emporium/data=!4m7!3m6!1s0x3bcb98ec9687f7e5:0x1edfaad1f9f8a2d5!8m2!3d17.3536594!4d78.5352722!16s%2Fg%2F1tfn15nv!19sChIJ5feHluyYyzsR1aL4-dGq3x4?authuser=0&hl=en&rclk=1
36,Chandra Ladies Emporium,"Shop No 839, Old Mig Rd",Bangle Shop,092473 07416,4.8,44.0,https://www.google.com/maps/place/Chandra+Ladies+Emporium/data=!4m7!3m6!1s0x3bcb92c957e5580d:0x35a313c3232b8c93!8m2!3d17.4815371!4d78.2990193!16s%2Fg%2F1hdzrs10t!19sChIJDVjlV8mSyzsRk4wrI8MTozU?authuser=0&hl=en&rclk=1
37,GRACE LADIES EMPORIUM,near Gandhi Statue,Jeweler,093478 02884,5.0,1.0,https://www.google.com/maps/place/GRACE+LADIES+EMPORIUM/data=!4m7!3m6!1s0x3bcb9105443a6c7b:0x300821dbc3440118!8m2!3d17.4554935!4d78.4027159!16s%2Fg%2F11gz94q3s3!19sChIJe2w6RAWRyzsRGAFEw9shCDA?authuser=0&hl=en&rclk=1
38,Krupa ladies emporium,"opp: sai baba temple, Tukaram Gate Main Rd",Jewelry store,096400 88886,5.0,6.0,https://www.google.com/maps/place/Krupa+ladies+emporium/data=!4m7!3m6!1s0x3bcb9b4261fd9933:0xd11dc7e5f6165c37!8m2!3d17.4421858!4d78.5215715!16s%2Fg%2F11gtzsd8jn!19sChIJM5n9YUKbyzsRN1wW9uXHHdE?authuser=0&hl=en&rclk=1
39,Ladies hosiery and Ladies emporium,,Women's clothing store,,4.0,3.0,https://www.google.com/maps/place/Ladies+hosiery+and+Ladies+emporium/data=!4m7!3m6!1s0x3bcb9de341090115:0x7e061f03919a4222!8m2!3d17.5139895!4d78.6313599!16s%2Fg%2F11sm8y1j7n!19sChIJFQEJQeOdyzsRIkKakQMfBn4?authuser=0&hl=en&rclk=1
40,Laharika Ladies Emporium,"Shop No.2,Suchitra, Qutubullapur Main Rd, Durga Estate, Jeedimetla",Costume store,098480 89791,4.0,6.0,https://www.google.com/maps/place/Laharika+Ladies+Emporium/data=!4m7!3m6!1s0x3bcb900ea67ee435:0xd9078ecac35e7f33!8m2!3d17.5025302!4d78.4684396!16s%2Fg%2F1ygjd48y5!19sChIJNeR-pg6QyzsRM39ew8qOB9k?authuser=0&hl=en&rclk=1
41,New Navrang Ladies Emporium & Exclusive Hosiery,"9G9F+77V, Dilsukh Nagar, beside Venkatadri Cinema Theatre",Boutique,040 2406 4228,3.8,4.0,https://www.google.com/maps/place/New+Navrang+Ladies+Emporium+%26+Exclusive+Hosiery/data=!4m7!3m6!1s0x3bcb98ec55555555:0xbf4da02446c6359c!8m2!3d17.3682399!4d78.5231696!16s%2Fg%2F1tfh32z8!19sChIJVVVVVeyYyzsRnDXGRiSgTb8?authuser=0&hl=en&rclk=1
42,Sri Sai Ladies Emporium,Bapu Nagar,General store,091828 61355,5.0,1.0,https://www.google.com/maps/place/Sri+Sai+Ladies+Emporium/data=!4m7!3m6!1s0x3bcb9657716faeed:0x4facffeb47b29fb4!8m2!3d17.3741321!4d78.4193804!16s%2Fg%2F1q2v_2b98!19sChIJ7a5vcVeWyzsRtJ-yR-v_rE8?authuser=0&hl=en&rclk=1
43,Maheshwari Ladies Emporium,,Women's clothing store,,5.0,1.0,https://www.google.com/maps/place/Maheshwari+Ladies+Emporium/data=!4m7!3m6!1s0x3bcba15a5bb7fe57:0x2baba1371bc959df!8m2!3d17.2935843!4d78.610102!16s%2Fg%2F11qpwrnz6k!19sChIJV_63W1qhyzsR31nJGzehqys?authuser=0&hl=en&rclk=1
44,Laxmi ladies emporium,"6-21, near gandhi statu",Jewelry store,,5.0,1.0,https://www.google.com/maps/place/Laxmi+ladies+emporium/data=!4m7!3m6!1s0x3bccedaf016b302b:0xc00d040f21d708a8!8m2!3d18.1615961!4d78.8993195!16s%2Fg%2F11jt59j52z!19sChIJKzBrAa_tzDsRqAjXIQ8EDcA?authuser=0&hl=en&rclk=1
45,SV ladies emporium,8-4-369/465-J,Jewelry store,,5.0,1.0,https://www.google.com/maps/place/SV+ladies+emporium/data=!4m7!3m6!1s0x3bcb91677c5532d3:0xda33f6025653d849!8m2!3d17.448994!4d78.4077118!16s%2Fg%2F11txhnbc3c!19sChIJ0zJVfGeRyzsRSdhTVgL2M9o?authuser=0&hl=en&rclk=1
46,M S LADIES EMPORIUM,near Fish Market,Jeweler,,5.0,1.0,https://www.google.com/maps/place/M+S+LADIES+EMPORIUM/data=!4m7!3m6!1s0x3bcb91365c71308f:0xb277dc9198f5c6ca!8m2!3d17.4411109!4d78.4250222!16s%2Fg%2F11tmfs19fx!19sChIJjzBxXDaRyzsRysb1mJHcd7I?authuser=0&hl=en&rclk=1
47,Gayatri Ladies emporium,opp. krishnaveni school,Bangle Shop,085550 81682,5.0,3.0,https://www.google.com/maps/place/Gayatri+Ladies+emporium/data=!4m7!3m6!1s0x3bcba3bbb8f5a06f:0xbb190dc7eb28fd79!8m2!3d17.3220952!4d78.5379596!16s%2Fg%2F11w22j6sqy!19sChIJb6D1uLujyzsRef0o68cNGbs?authuser=0&hl=en&rclk=1
48,Pavan Ladies Emporium Bangle Store & Hosiery,"G2, Shilpi Apartments, Near, Konark Theatre Ln, beside AMRUTHAM AYURVEDIC BAZAR",Bangle Shop,084668 81909,5.0,17.0,https://www.google.com/maps/place/Pavan+Ladies+Emporium+Bangle+Store+%26+Hosiery/data=!4m7!3m6!1s0x3bcb99020bc94395:0xa3ef966eff84348e!8m2!3d17.36732!4d78.5253181!16s%2Fg%2F11j13k02kn!19sChIJlUPJCwKZyzsRjjSE_26W76M?authuser=0&hl=en&rclk=1
49,SS ladies emporium,1-211/431,Bangle Shop,083413 36737,5.0,8.0,https://www.google.com/maps/place/SS+ladies+emporium/data=!4m7!3m6!1s0x3bcb915ddf453e6b:0x7c46cf666e6121f8!8m2!3d17.4558433!4d78.3979091!16s%2Fg%2F11s0n50k6z!19sChIJaz5F312RyzsR-CFhbmbPRnw?authuser=0&hl=en&rclk=1
50,Sangeetha Ladies Emporium,8JP5+M35,Store,,4.1,10.0,https://www.google.com/maps/place/Sangeetha+Ladies+Emporium/data=!4m7!3m6!1s0x3bcba1a93a849021:0x548f469c15a4a823!8m2!3d17.3366422!4d78.6077248!16s%2Fg%2F11kn4s9v9d!19sChIJIZCEOqmhyzsRI6ikFZxGj1Q?authuser=0&hl=en&rclk=1
51,Sri Krishna Ladies Emporium,"Shop No.30/B, 1st Floor, Alluri Complex,KPHB Opp., Kukatpally",Cosmetics store,098480 36412,4.0,1.0,https://www.google.com/maps/place/Sri+Krishna+Ladies+Emporium/data=!4m7!3m6!1s0x3bcb91eb379688b9:0x17225f00459c3d0a!8m2!3d17.493798!4d78.4027954!16s%2Fg%2F1yh9sqcjv!19sChIJuYiWN-uRyzsRCj2cRQBfIhc?authuser=0&hl=en&rclk=1
52,princess ladies emporium,,Cosmetics store,,5.0,1.0,https://www.google.com/maps/place/princess+ladies+emporium/data=!4m7!3m6!1s0x3bcb997d2fa861e5:0x75b34ee7eadf0992!8m2!3d17.3526425!4d78.4973165!16s%2Fg%2F11x5f0qbrr!19sChIJ5WGoL32ZyzsRkgnf6udOs3U?authuser=0&hl=en&rclk=1
53,LADIES EMPORIUM,,Clothing store,,5.0,1.0,https://www.google.com/maps/place/LADIES+EMPORIUM/data=!4m7!3m6!1s0x3bcb9707945120d3:0xbfb74656b4ee4a87!8m2!3d17.3799333!4d78.4394641!16s%2Fg%2F11lchmrv5_!19sChIJ0yBRlAeXyzsRh0rutFZGt78?authuser=0&hl=en&rclk=1
54,Charitha And Nitya Ladies Emporium Matching Center,"Shop No. 4, 42-1071",Cosmetics store,096405 51849,5.0,1.0,https://www.google.com/maps/place/Charitha+And+Nitya+Ladies+Emporium+Matching+Center/data=!4m7!3m6!1s0x3bcb91b63bf21d4f:0x11b92675afe0015b!8m2!3d17.4931327!4d78.4222143!16s%2Fg%2F11s51vllb0!19sChIJTx3yO7aRyzsRWwHgr3UmuRE?authuser=0&hl=en&rclk=1
55,Jyothi Ladies Emporium & Stationary Shop,"8JP4+2R2, Surya Colony Rd",Clothing store,095029 59305,4.6,10.0,https://www.google.com/maps/place/Jyothi+Ladies+Emporium+%26+Stationary+Shop/data=!4m7!3m6!1s0x3bcba1b2e25afe77:0x2ac07304d1470b1e!8m2!3d17.3350087!4d78.6070073!16s%2Fg%2F11ffnhzxjs!19sChIJd_5a4rKhyzsRHgtH0QRzwCo?authuser=0&hl=en&rclk=1
56,Ms Ladies Emporium,"Shanthi Nagar, 997R 9CV, Raghuram Nagar Colony, , Bandlaguda Jagir",Fabric store,063029 61082,,,https://www.google.com/maps/place/Ms+Ladies+Emporium/data=!4m7!3m6!1s0x3bcb9670a359e82b:0x68b88f1f46f311ee!8m2!3d17.3637178!4d78.3909626!16s%2Fg%2F11t420j9wp!19sChIJK-hZo3CWyzsR7hHzRh-PuGg?authuser=0&hl=en&rclk=1
57,RR Brothers Ladies Emporium cum Fancy Stores,,Cosmetics store,,4.7,46.0,https://www.google.com/maps/place/RR+Brothers+Ladies+Emporium+cum+Fancy+Stores/data=!4m7!3m6!1s0x3bcb919208656fdf:0x5f3ff1d9ad87b087!8m2!3d17.4871625!4d78.3963827!16s%2Fg%2F11b72hnqkd!19sChIJ329lCJKRyzsRh7CHrdnxP18?authuser=0&hl=en&rclk=1
58,Shivani Ladies Emporium,"Kushal Plaza, Gujarathi Galli, opp. Swethamber Jain Mandir",Clothing Accessories Store,090001 03455,3.3,7.0,https://www.google.com/maps/place/Shivani+Ladies+Emporium/data=!4m7!3m6!1s0x3bcb99d3d91b1443:0x3f6356ee1704b6a9!8m2!3d17.385988!4d78.4855568!16s%2Fg%2F1tj5jlz6!19sChIJQxQb2dOZyzsRqbYEF-5WYz8?authuser=0&hl=en&rclk=1
59,Sree Ganga Bhavani Ladies Emporium,Market Road,Shopping mall,096408 67686,3.9,35.0,https://www.google.com/maps/place/Sree+Ganga+Bhavani+Ladies+Emporium/data=!4m7!3m6!1s0x3bcdbd4f797f7787:0xfa4f4de04deddf17!8m2!3d18.812917!4d78.464422!16s%2Fg%2F11c0qgn0jb!19sChIJh3d_eU-9zTsRF9_tTeBNT_o?authuser=0&hl=en&rclk=1
60,Yms Embroidery & Ladies Emporium,"Metro Pillar 1720, 1-63/4/3, Hitech City Rd, opposite Happi Mobiles",Embroidery shop,070369 51303,4.8,11.0,https://www.google.com/maps/place/Yms+Embroidery+%26+Ladies+Emporium/data=!4m7!3m6!1s0x3bcb91532c9064bf:0x76dcd5f61a3ff197!8m2!3d17.4401945!4d78.3944743!16s%2Fg%2F11wmkdjsqt!19sChIJv2SQLFORyzsRl_E_GvbV3HY?authuser=0&hl=en&rclk=1
61,Laxmi Ladies Emporium & Embroidery Works,opp. Shivaji Statue,Embroidery shop,099128 50634,5.0,2.0,https://www.google.com/maps/place/Laxmi+Ladies+Emporium+%26+Embroidery+Works/data=!4m7!3m6!1s0x3bcb95eaa32fb7b1:0x36cb33258de12a17!8m2!3d17.377241!4d78.3545153!16s%2Fg%2F11rsp9nq56!19sChIJsbcvo-qVyzsRFyrhjSUzyzY?authuser=0&hl=en&rclk=1
62,Sri Lakshmi Hanvika Ladies Emporium,78,Cosmetics store,093985 12935,5.0,1.0,https://www.google.com/maps/place/Sri+Lakshmi+Hanvika+Ladies+Emporium/data=!4m7!3m6!1s0x3bcb91daa8b6ecd5:0x688df429fb2e7c18!8m2!3d17.4919835!4d78.4574176!16s%2Fg%2F11s_zm9h3g!19sChIJ1ey2qNqRyzsRGHwu-yn0jWg?authuser=0&hl=en&rclk=1
63,Zeenath Ladies Emporium,"Fine complex, Barkas Rd",Cosmetics store,086864 64917,4.6,9.0,https://www.google.com/maps/place/Zeenath+Ladies+Emporium/data=!4m7!3m6!1s0x3bcba2b218b23273:0x98e943f0e3375d77!8m2!3d17.3218524!4d78.4805597!16s%2Fg%2F11clzrf6_3!19sChIJczKyGLKiyzsRd1034_BD6Zg?authuser=0&hl=en&rclk=1
64,Srinivasa Ladies Emporium,"Shop No: 3, Deepu Block, near R B R Complex",Stationery store,081434 36920,4.5,13.0,https://www.google.com/maps/place/Srinivasa+Ladies+Emporium/data=!4m7!3m6!1s0x3bcb926c898c3109:0x9ff22635bbb961f6!8m2!3d17.497301!4d78.35873!16s%2Fg%2F11byck9jmh!19sChIJCTGMiWySyzsR9mG5uzUm8p8?authuser=0&hl=en&rclk=1
65,Sri Sai Laxmi Ladies Emporium Botique,"Shop No 11, Siri Towers, 500055, beside MPR Convention",Boutique,,5.0,1.0,https://www.google.com/maps/place/Sri+Sai+Laxmi+Ladies+Emporium+Botique/data=!4m7!3m6!1s0x3bcb91e987a26e3b:0xdcd4b6343c4da9bf!8m2!3d17.4889416!4d78.4490691!16s%2Fg%2F11vyhdlnjj!19sChIJO26ih-mRyzsRv6lNPDS21Nw?authuser=0&hl=en&rclk=1
66,MAHA LADIES EMPORIUM,,Cosmetics store,092476 26862,1.0,2.0,https://www.google.com/maps/place/MAHA+LADIES+EMPORIUM/data=!4m7!3m6!1s0x3bcb9203abd38f13:0xb4b69757fbb922b5!8m2!3d17.5064785!4d78.3811644!16s%2Fg%2F11t5n4k_vf!19sChIJE4_TqwOSyzsRtSK5-1eXtrQ?authuser=0&hl=en&rclk=1
67,PINK Ladies Emporium,,Shopping mall,,5.0,6.0,https://www.google.com/maps/place/PINK+Ladies+Emporium/data=!4m7!3m6!1s0x3bcb912961b1b2dd:0x22347077c6007590!8m2!3d17.453255!4d78.4142051!16s%2Fg%2F11rvbb305y!19sChIJ3bKxYSmRyzsRkHUAxndwNCI?authuser=0&hl=en&rclk=1
68,Fazeelath ladies emporium,"8-1-398/A/24, Hakimpet Rd, beside indian opticals",Cosmetics store,063035 97961,4.7,43.0,https://www.google.com/maps/place/Fazeelath+ladies+emporium/data=!4m7!3m6!1s0x3bcb970af97a0b63:0xb75652695f654133!8m2!3d17.4000638!4d78.4164042!16s%2Fg%2F11l1cbn8md!19sChIJYwt6-QqXyzsRM0FlX2lSVrc?authuser=0&hl=en&rclk=1
69,Pooja Ladies Emporium,"Shop No. A258, Phase 2, Sushma To Sampurna Theater Sushma - Sampurna Road",Gift shop,093935 72885,3.5,4.0,https://www.google.com/maps/place/Pooja+Ladies+Emporium/data=!4m7!3m6!1s0x3bcba1fb7a18793d:0x8d7cbdcc781dd70e!8m2!3d17.3353297!4d78.5759137!16s%2Fg%2F1pty55cbm!19sChIJPXkYevuhyzsRDtcdeMy9fI0?authuser=0&hl=en&rclk=1
70,EL Fashion Boutique & Ladies Emporium,"to, Road no-2, HLA Raghavendra colony Beside Indian oil petrol pump road, Quthbullapur Main Rd",Clothing store,,5.0,12.0,https://www.google.com/maps/place/EL+Fashion+Boutique+%26+Ladies+Emporium/data=!4m7!3m6!1s0x3bcb91d6d9975bdd:0x75c2e5554776f582!8m2!3d17.5022547!4d78.4695705!16s%2Fg%2F11pyc1dnq5!19sChIJ3VuX2daRyzsRgvV2R1XlwnU?authuser=0&hl=en&rclk=1
71,Vinamrutha Ladies Emporium,"13-6-267/14, Jafferguga, opp. Sri Gayatri School Office",Cosmetics store,089194 45770,4.5,4.0,https://www.google.com/maps/place/Vinamrutha+Ladies+Emporium/data=!4m7!3m6!1s0x3bcb975b4eca0ee3:0x34e77185701ed6ca!8m2!3d17.3779682!4d78.4371928!16s%2Fg%2F11gr6t3dfn!19sChIJ4w7KTluXyzsRytYecIVx5zQ?authuser=0&hl=en&rclk=1
72,Sonali ladies Emporium,"1-6-106, Mahatma Gandhi Rd",Jewelry store,,5.0,4.0,https://www.google.com/maps/place/Sonali+ladies+Emporium/data=!4m7!3m6!1s0x3bcb9b5018e7d6b7:0xf80132fde7746477!8m2!3d17.437889!4d78.4895767!16s%2Fg%2F11vs3q43c_!19sChIJt9bnGFCbyzsRd2R05_0yAfg?authuser=0&hl=en&rclk=1
73,Sri Sainath Ladies Emporium,,Cosmetics store,090105 95740,4.8,4.0,https://www.google.com/maps/place/Sri+Sainath+Ladies+Emporium/data=!4m7!3m6!1s0x3bcb929158caade9:0x3305ad5f0a9935f8!8m2!3d17.4942033!4d78.3226854!16s%2Fg%2F1ptvtxm3k!19sChIJ6a3KWJGSyzsR-DWZCl-tBTM?authuser=0&hl=en&rclk=1
74,RAGINI LADIES EMPORIUM,SAI DATTA ENCLAVE,Cosmetics store,098664 77228,2.5,13.0,https://www.google.com/maps/place/RAGINI+LADIES+EMPORIUM/data=!4m7!3m6!1s0x3bcb926b0c75c5e7:0x60f6d3e3efa46e98!8m2!3d17.4946279!4d78.3591073!16s%2Fg%2F1pp2txdcv!19sChIJ58V1DGuSyzsRmG6k7-PT9mA?authuser=0&hl=en&rclk=1
75,Deepika Ladies emporium,J97Q+878,Jewelry store,,3.3,3.0,https://www.google.com/maps/place/Deepika+Ladies+emporium/data=!4m7!3m6!1s0x3bcb893fc25984a3:0xd96afa1d5632064a!8m2!3d17.6132877!4d78.3882022!16s%2Fg%2F11rxqd_b5y!19sChIJo4RZwj-JyzsRSgYyVh36atk?authuser=0&hl=en&rclk=1
76,SAMPRADAYA LADIES EMPORIUM,beside Hanuman temple,Cosmetics store,092484 45345,5.0,1.0,https://www.google.com/maps/place/SAMPRADAYA+LADIES+EMPORIUM/data=!4m7!3m6!1s0x3bcba385d9924485:0x6863aa956591142c!8m2!3d17.3146806!4d78.5526107!16s%2Fg%2F11x0msmww9!19sChIJhUSS2YWjyzsRLBSRZZWqY2g?authuser=0&hl=en&rclk=1
77,Harika Ladies emporium,Road No.2,Bangle Shop,090639 08575,5.0,1.0,https://www.google.com/maps/place/Harika+Ladies+emporium/data=!4m7!3m6!1s0x3bcb915abdfa3121:0x1c2bf22637d9588d!8m2!3d17.4943977!4d78.4502055!16s%2Fg%2F11ptl73bbd!19sChIJITH6vVqRyzsRjVjZNybyKxw?authuser=0&hl=en&rclk=1
78,Araadhana Ladies Emporium,9H63+45W,Clothing store,,4.2,6.0,https://www.google.com/maps/place/Araadhana+Ladies+Emporium/data=!4m7!3m6!1s0x3bcb98b8422c5469:0x7ee10e53e3af0a75!8m2!3d17.3603588!4d78.5529499!16s%2Fg%2F11c2p9frz0!19sChIJaVQsQriYyzsRdQqv41MO4X4?authuser=0&hl=en&rclk=1
79,Sri Bhavani Ladies emporium,,Cosmetics store,090596 41899,5.0,4.0,https://www.google.com/maps/place/Sri+Bhavani+Ladies+emporium/data=!4m7!3m6!1s0x3bcb91e598e62e43:0x40019f79131ce230!8m2!3d17.4880982!4d78.3897866!16s%2Fg%2F11rd8v6tph!19sChIJQy7mmOWRyzsRMOIcE3mfAUA?authuser=0&hl=en&rclk=1
80,Mani ladies emporium,"Old gunj, road, near Bus stand",Bangle Shop,,5.0,1.0,https://www.google.com/maps/place/Mani+ladies+emporium/data=!4m7!3m6!1s0x3bc95f3bfe301aa5:0xe6619d8caddb1ef1!8m2!3d17.3364394!4d77.9056999!16s%2Fg%2F11vlrkb0pt!19sChIJpRow_jtfyTsR8R7brYydYeY?authuser=0&hl=en&rclk=1
81,AAshritha Ladies Emporium,"18-3-403/1, Kandikal Gate Rd",Jewelry store,,5.0,5.0,https://www.google.com/maps/place/AAshritha+Ladies+Emporium/data=!4m7!3m6!1s0x3bcb99007ff2d2a7:0xdcd3f49ba68267a6!8m2!3d17.3391382!4d78.4777638!16s%2Fg%2F11ldj0281f!19sChIJp9LyfwCZyzsRpmeCppv009w?authuser=0&hl=en&rclk=1
82,Sai Srujana Fancy & Ladies Emporium,,Store,083330 87346,4.9,28.0,https://www.google.com/maps/place/Sai+Srujana+Fancy+%26+Ladies+Emporium/data=!4m7!3m6!1s0x3bcb922159c8e3bf:0x2d7f8c61410d1a18!8m2!3d17.4865481!4d78.3788127!16s%2Fg%2F11tfd87rfk!19sChIJv-PIWSGSyzsRGBoNQWGMfy0?authuser=0&hl=en&rclk=1
83,Laxmi Ladies Emporium,,Boutique,093941 12626,,,https://www.google.com/maps/place/Laxmi+Ladies+Emporium/data=!4m7!3m6!1s0x3bcb9998f4fb2e75:0x42dc452dd4145fb1!8m2!3d17.3988644!4d78.5005117!16s%2Fg%2F11t51rjksz!19sChIJdS779JiZyzsRsV8U1C1F3EI?authuser=0&hl=en&rclk=1
84,Sri Harshitha Ladies Emporium,,Men's clothing store,089191 42082,4.0,1.0,https://www.google.com/maps/place/Sri+Harshitha+Ladies+Emporium/data=!4m7!3m6!1s0x3bcb96bd336bec0f:0x759120b30000000!8m2!3d17.4018758!4d78.3954!16s%2Fg%2F11rdx1w608!19sChIJD-xrM72WyzsRAAAAMAsSWQc?authuser=0&hl=en&rclk=1
85,Vaishnavi Ladies Emporium- Fancy And Bangle Store,"Rd Number 1, Himgiry Nagar Colony Rd, beside vegetables market",Cosmetics store,078190 09373,4.0,6.0,https://www.google.com/maps/place/Vaishnavi+Ladies+Emporium-+Fancy+And+Bangle+Store/data=!4m7!3m6!1s0x3bcb9677012b508d:0xd43f3c65585e88e8!8m2!3d17.3615478!4d78.3872924!16s%2Fg%2F11ggj01nkk!19sChIJjVArAXeWyzsR6IheWGU8P9Q?authuser=0&hl=en&rclk=1
86,Madhuri Ladies Emporium,"#10-5-126, Post Office Lane",Cosmetics store,099495 86716,1.0,1.0,https://www.google.com/maps/place/Madhuri+Ladies+Emporium/data=!4m7!3m6!1s0x3bcb90ecd1a0d5f9:0xb323d5160f219b53!8m2!3d17.4575055!4d78.4518981!16s%2Fg%2F1ygjd43yp!19sChIJ-dWg0eyQyzsRU5shDxbVI7M?authuser=0&hl=en&rclk=1
87,Vaibhav Ladies Emporium,,Jewelry store,076749 45351,4.8,31.0,https://www.google.com/maps/place/Vaibhav+Ladies+Emporium/data=!4m7!3m6!1s0x3bcb99f5f7ba8fdb:0x7ae268c0db69825!8m2!3d17.3862188!4d78.4854011!16s%2Fg%2F1tf5c5yk!19sChIJ24-69_WZyzsRJZi2DYwmrgc?authuser=0&hl=en&rclk=1
88,Ramdev Ladies Emporium,Shop No55,Clothing store,094916 58774,3.8,4.0,https://www.google.com/maps/place/Ramdev+Ladies+Emporium/data=!4m7!3m6!1s0x3bcb8dff90d6a467:0x9d3280afe3b096c8!8m2!3d17.5163016!4d78.3818838!16s%2Fg%2F11b7q9tndq!19sChIJZ6TWkP-NyzsRyJaw46-AMp0?authuser=0&hl=en&rclk=1
89,Ghousia Ladies Emporium,near Edii Bazaar,Jewelry store,096423 45260,3.5,6.0,https://www.google.com/maps/place/Ghousia+Ladies+Emporium/data=!4m7!3m6!1s0x3bcb993ee925fee9:0xfd4243cad70f5655!8m2!3d17.346581!4d78.4942253!16s%2Fg%2F11tg6d2swt!19sChIJ6f4l6T6ZyzsRVVYP18pDQv0?authuser=0&hl=en&rclk=1
90,Shree ladies emporium&fancy store,9H36+72G,Bangle Shop,,5.0,2.0,https://www.google.com/maps/place/Shree+ladies+emporium%26fancy+store/data=!4m7!3m6!1s0x3bcb99c8e2f3b191:0xce65f69a8ac868f!8m2!3d17.3530899!4d78.5600727!16s%2Fg%2F11vcdmzh8h!19sChIJkbHz4siZyzsRj4asqGlf5gw?authuser=0&hl=en&rclk=1
91,Ladies Emporium,"2-17-123, beside Sreeram Stationary, near Joshi's Vidyaniketan School",Clothing Accessories Store,089196 08741,,,https://www.google.com/maps/place/Ladies+Emporium/data=!4m7!3m6!1s0x3bcb99fa597450ed:0xd46ddeb74a09ab53!8m2!3d17.4095838!4d78.5605456!16s%2Fg%2F11qbclsc9h!19sChIJ7VB0WfqZyzsRU6sJSrfebdQ?authuser=0&hl=en&rclk=1
92,Hari Priya Ladies Emporium,opposite to Shoba Kirana Store,Clothing Accessories Store,094907 60582,,,https://www.google.com/maps/place/Hari+Priya+Ladies+Emporium/data=!4m7!3m6!1s0x3bcb902a4c723d25:0xd99a03037f5f1d43!8m2!3d17.5154408!4d78.4336335!16s%2Fg%2F11s8dqbpd1!19sChIJJT1yTCqQyzsRQx1ffwMDmtk?authuser=0&hl=en&rclk=1
93,SWATHI LADIES EMPORIUM,villege,Women's clothing store,,,,https://www.google.com/maps/place/SWATHI+LADIES+EMPORIUM/data=!4m7!3m6!1s0x3bcb933a88907971:0xcdd2f588bd88dec4!8m2!3d17.4507582!4d78.3094144!16s%2Fg%2F11vx6qzy_d!19sChIJcXmQiDqTyzsRxN6IvYj10s0?authuser=0&hl=en&rclk=1
94,Tulja Bhavani Ladies Emporium And Sarees,C9R8+M8F,Men's clothing store,089856 21861,4.3,3.0,https://www.google.com/maps/place/Tulja+Bhavani+Ladies+Emporium+And+Sarees/data=!4m7!3m6!1s0x3bcb93ea35e3a285:0x33d32a12b0000000!8m2!3d17.4416832!4d78.365792!16s%2Fg%2F11rdx4chyq!19sChIJhaLjNeqTyzsRAAAAsBIq0zM?authuser=0&hl=en&rclk=1
95,"Jayanthi Ladies Emporium(Imitation,fancy jewellers, Kalamkari Dealers)","Keesara Mandal, Nagaram Main Rd, opposite to PAI Electronics showroom",Jewelry store,,5.0,1.0,"https://www.google.com/maps/place/Jayanthi+Ladies+Emporium%28Imitation,fancy+jewellers,+Kalamkari+Dealers%29/data=!4m7!3m6!1s0x3bcb9d000c032529:0x127a019f7031a318!8m2!3d17.4891784!4d78.601149!16s%2Fg%2F11x0krmcw6!19sChIJKSUDDACdyzsRGKMxcJ8BehI?authuser=0&hl=en&rclk=1"
96,Vasantha Ladies Emporium,"3-7-196, Bandlaguda Rd",Women's clothing store,,4.5,4.0,https://www.google.com/maps/place/Vasantha+Ladies+Emporium/data=!4m7!3m6!1s0x3bcb98b338a50705:0x212a99522289617e!8m2!3d17.3553702!4d78.5650716!16s%2Fg%2F11c5wzzzyk!19sChIJBQelOLOYyzsRfmGJIlKZKiE?authuser=0&hl=en&rclk=1
97,Neelaveni Ladies Emporium & Gifts,"Shop no : 18, 2nd block, RBR complex, Hanuman Temple Rd",Gift shop,,5.0,2.0,https://www.google.com/maps/place/Neelaveni+Ladies+Emporium+%26+Gifts/data=!4m7!3m6!1s0x3bcb9315bf581d1b:0xa2692ad2ec2ed832!8m2!3d17.4970561!4d78.3595406!16s%2Fg%2F11jps2y9q9!19sChIJGx1YvxWTyzsRMtgu7NIqaaI?authuser=0&hl=en&rclk=1
98,LADIES EMPORIUM,"FCXC+3Q3, Asbestos Hills Colony Main Rd",Clothing store,,,,https://www.google.com/maps/place/LADIES+EMPORIUM/data=!4m7!3m6!1s0x3bcb91c90f70e2ff:0xfe73a47840075008!8m2!3d17.4976256!4d78.421937!16s%2Fg%2F11lchk52y4!19sChIJ_-JwD8mRyzsRCFAHQHikc_4?authuser=0&hl=en&rclk=1
99,Princy Ladies Emporium & Stationary,"Mig11-222, near Polimer Store",Cosmetics store,099896 86953,4.0,2.0,https://www.google.com/maps/place/Princy+Ladies+Emporium+%26+Stationary/data=!4m7!3m6!1s0x3bcb9189e2cf1f11:0xc4919d6d58f3d187!8m2!3d17.4851633!4d78.3843378!16s%2Fg%2F11t6s974nw!19sChIJER_P4omRyzsRh9HzWG2dkcQ?authuser=0&hl=en&rclk=1
100,Jayasree Ladies Emporium,"PLOT NO 5, near Elecrtic Sub-Station",Jewelry store,079893 28447,5.0,1.0,https://www.google.com/maps/place/Jayasree+Ladies+Emporium/data=!4m7!3m6!1s0x3bcba3e6b94086ff:0xa205f20f9b31a251!8m2!3d17.3097932!4d78.5019694!16s%2Fg%2F11p781zqts!19sChIJ_4ZAueajyzsRUaIxmw_yBaI?authuser=0&hl=en&rclk=1
101,Sai Mahalaxmi Ladies Emporium,"Shop No 12, H.No:209 , phase-1, Venkatardi Town Ship, Chowdary Guda, Narapally, Hyderabad., Main Road",Boutique,093966 98228,,,https://www.google.com/maps/place/Sai+Mahalaxmi+Ladies+Emporium/data=!4m7!3m6!1s0x3bcb9f2daec4fb5f:0xc0048325c1c7982a!8m2!3d17.41393!4d78.6401058!16s%2Fg%2F11kbj4j21b!19sChIJX_vEri2fyzsRKpjHwSWDBMA?authuser=0&hl=en&rclk=1
102,Shama Ladies Emporium,"10, 4-771/16",Boutique,088010 88545,3.0,2.0,https://www.google.com/maps/place/Shama+Ladies+Emporium/data=!4m7!3m6!1s0x3bcb973d94df4ed9:0x657f1eb392024f99!8m2!3d17.4029993!4d78.4461983!16s%2Fg%2F1pp2vg3xt!19sChIJ2U7flD2XyzsRmU8CkrMef2U?authuser=0&hl=en&rclk=1
103,Sri Mahalakshmi Ladies Emporium,"Children's Hospital, Near Bus stop, opp:Amrutha",Bangle Shop,,,,https://www.google.com/maps/place/Sri+Mahalakshmi+Ladies+Emporium/data=!4m7!3m6!1s0x3bcbbdca1f2019c3:0x3a855e7db3c050b3!8m2!3d17.2633943!4d78.3872655!16s%2Fg%2F11lzw3tdpd!19sChIJwxkgH8q9yzsRs1DAs31ehTo?authuser=0&hl=en&rclk=1
104,Padma Ladies Emporium,,Shopping mall,095738 15812,,,https://www.google.com/maps/place/Padma+Ladies+Emporium/data=!4m7!3m6!1s0x3bcba1a1c3fa5c25:0x3308fdc2517821b7!8m2!3d17.2939487!4d78.5661167!16s%2Fg%2F11h4y3rxn3!19sChIJJVz6w6GhyzsRtyF4UcL9CDM?authuser=0&hl=en&rclk=1
105,Ladies Emporium,"Ro, K.S.Nagar, Porala's Pride, 14-20-470/3, Ks nagar",Saree Shop,088977 34911,5.0,1.0,https://www.google.com/maps/place/Ladies+Emporium/data=!4m7!3m6!1s0x3bcb91473a9a8bc5:0x918e979912d8d635!8m2!3d17.4572171!4d78.4138165!16s%2Fg%2F11sdqdxvh3!19sChIJxYuaOkeRyzsRNdbYEpmXjpE?authuser=0&hl=en&rclk=1
106,Sai Teja Ladies Emporium,5,Women's clothing store,092900 39324,,,https://www.google.com/maps/place/Sai+Teja+Ladies+Emporium/data=!4m7!3m6!1s0x3bcb972ff6790b5d:0x22d698a4ff98d7c6!8m2!3d17.4138254!4d78.4399691!16s%2Fg%2F1yg6c_hq3!19sChIJXQt59i-XyzsRxteY_6SY1iI?authuser=0&hl=en&rclk=1
107,Zeenath Ladies Emporium,8CC2+JVW,Baby store,098491 59671,3.0,1.0,https://www.google.com/maps/place/Zeenath+Ladies+Emporium/data=!4m7!3m6!1s0x3bcbbdf3d149cca3:0xd4809656f7b97cdf!8m2!3d17.3216066!4d78.4022106!16s%2Fg%2F1yh4g7651!19sChIJo8xJ0fO9yzsR33y591aWgNQ?authuser=0&hl=en&rclk=1
108,Supraja Ladies Emporium & Gift Articles,,Cosmetics store,098664 45646,5.0,1.0,https://www.google.com/maps/place/Supraja+Ladies+Emporium+%26+Gift+Articles/data=!4m7!3m6!1s0x3bcb8d581f09375d:0xa36a6ea3f9ff3b48!8m2!3d17.5118501!4d78.3047539!16s%2Fg%2F1pp2vmfx_!19sChIJXTcJH1iNyzsRSDv_-aNuaqM?authuser=0&hl=en&rclk=1
109,ARUNA LADIES EMPORIUM,"F9R2+HM3, Rd Number 6",Cosmetics store,,5.0,3.0,https://www.google.com/maps/place/ARUNA+LADIES+EMPORIUM/data=!4m7!3m6!1s0x3bcb9310dfd09a67:0x635f679f78a48dc8!8m2!3d17.4913822!4d78.3516831!16s%2Fg%2F11v0lspmrd!19sChIJZ5rQ3xCTyzsRyI2keJ9nX2M?authuser=0&hl=en&rclk=1
110,kiran ladies emporium and tailoring,"Airforce Rd, beside ashirvad restaurant",Tailor,091134 25849,4.6,28.0,https://www.google.com/maps/place/kiran+ladies+emporium+and+tailoring/data=!4m7!3m6!1s0x3bcb8526e4810243:0x7bbb3e7894dbb34e!8m2!3d17.5356723!4d78.5191744!16s%2Fg%2F11rsptnk7s!19sChIJQwKB5CaFyzsRTrPblHg-u3s?authuser=0&hl=en&rclk=1
111,Nisa Ladies Emporium,near Auto Stand,Jeweler,096527 28361,5.0,1.0,https://www.google.com/maps/place/Nisa+Ladies+Emporium/data=!4m7!3m6!1s0x3bcb9116667aa05d:0xb27a01e85abe9ca0!8m2!3d17.46037!4d78.4082897!16s%2Fg%2F11p5qlzb3d!19sChIJXaB6ZhaRyzsRoJy-WugBerI?authuser=0&hl=en&rclk=1
112,Dhanusree Ladies Emporium,"3-4-109, RTC Colony Rd",Bangle Shop,096668 99857,,,https://www.google.com/maps/place/Dhanusree+Ladies+Emporium/data=!4m7!3m6!1s0x3bcb99d1518521bf:0xe4dc457704c66a33!8m2!3d17.3504697!4d78.5509744!16s%2Fg%2F11rhyv3vp3!19sChIJvyGFUdGZyzsRM2rGBHdF3OQ?authuser=0&hl=en&rclk=1
113,Priyanka Ladies Emporium & Gift Articles,"Near, Nagarjuna Sagar Rd",Women's clothing store,094943 46912,4.3,3.0,https://www.google.com/maps/place/Priyanka+Ladies+Emporium+%26+Gift+Articles/data=!4m7!3m6!1s0x3bcba21eb42fbcbb:0xef6b0b233a759754!8m2!3d17.3208642!4d78.5593848!16s%2Fg%2F1yhbjszwg!19sChIJu7wvtB6iyzsRVJd1OiMLa-8?authuser=0&hl=en&rclk=1
114,Ladies Emporium,"9GPF+CV8, Rd Number 3",Employment agency,099121 13528,,,https://www.google.com/maps/place/Ladies+Emporium/data=!4m7!3m6!1s0x3bcb9901a30c3739:0xd36e102e1c316778!8m2!3d17.3860355!4d78.5247115!16s%2Fg%2F11tcwldfj9!19sChIJOTcMowGZyzsReGcxHC4QbtM?authuser=0&hl=en&rclk=1
115,Tulja Bhavani Ladies Emporium,"2-2-185/A/1, opposite to Indian Overseas Bank",Jeweler,093900 50869,5.0,3.0,https://www.google.com/maps/place/Tulja+Bhavani+Ladies+Emporium/data=!4m7!3m6!1s0x3bcb99af105c8081:0x2e4e8840a23264ed!8m2!3d17.3966895!4d78.5182453!16s%2Fg%2F11bwyxl6t0!19sChIJgYBcEK-ZyzsR7WQyokCITi4?authuser=0&hl=en&rclk=1
116,Sri Sahasra ladies Emporium,"9G5H+XRX, near Road Number 1",Jewelry store,091777 71310,5.0,3.0,https://www.google.com/maps/place/Sri+Sahasra+ladies+Emporium/data=!4m7!3m6!1s0x3bcb990028c0ec25:0x26a33fe9b7ab10de!8m2!3d17.3600856!4d78.52969!16s%2Fg%2F11y287b3kt!19sChIJJezAKACZyzsR3hCrt-k_oyY?authuser=0&hl=en&rclk=1
117,Harika Ladies Emporium and Fancy Store,Main road,Beauty supply store,,5.0,1.0,https://www.google.com/maps/place/Harika+Ladies+Emporium+and+Fancy+Store/data=!4m7!3m6!1s0x3bcb9ddad9140baf:0x6169b5a86fec4b0f!8m2!3d17.4672956!4d78.6420305!16s%2Fg%2F11s93llt_k!19sChIJrwsU2dqdyzsRD0vsb6i1aWE?authuser=0&hl=en&rclk=1
118,USHA LADIES EMPORIUM,"H.no.19, Plot No.115, 116/2",Jewelry store,090324 70608,5.0,1.0,https://www.google.com/maps/place/USHA+LADIES+EMPORIUM/data=!4m7!3m6!1s0x3bcb9b2a9500faa7:0x8cb81f2242239640!8m2!3d17.4535801!4d78.529101!16s%2Fg%2F11ts195k1y!19sChIJp_oAlSqbyzsRQJYjQiIfuIw?authuser=0&hl=en&rclk=1
119,Laxmi Ladies Emporium,Mythri Valley Ameenpur Road Bandam Kommu,Clothing Accessories Store,091219 17521,,,https://www.google.com/maps/place/Laxmi+Ladies+Emporium/data=!4m7!3m6!1s0x3bcb938e1cbd40eb:0x5ccc08fee44c1ac7!8m2!3d17.5107385!4d78.3163773!16s%2Fg%2F11pc9j8wfn!19sChIJ60C9HI6TyzsRxxpM5P4IzFw?authuser=0&hl=en&rclk=1
