index,Name,Address,Category,Phone,Avg_review,Reviews,Website,Maps_url
2,Prathima Hospitals - Best Hospital in Hyderabad,"3/4/3, Kachiguda Station Rd",Hospital,040 4345 4345,4.5,"(2,251)",https://prathimahospitals.com/,https://www.google.com/maps/place/Prathima+Hospitals+-+Best+Hospital+in+Hyderabad/data=!4m7!3m6!1s0x3bcb99c9a80dbcf9:0x8b26a48d31a71f13!8m2!3d17.3900269!4d78.4952152!16s%2Fg%2F11c4t106m9!19sChIJ-bwNqMmZyzsREx-nMY2kJos?authuser=0&hl=en&rclk=1
3,Best Hospital in Somajiguda | Yashoda Hospitals,·,General hospital,040 4567 4567,4.8,"(30,077)",https://www.yashodahospitals.com/locations/somajiguda//?utm_source=Google-Business-Page&utm_medium=Somajiguda,https://www.google.com/maps/place/Best+Hospital+in+Somajiguda+%7C+Yashoda+Hospitals/data=!4m7!3m6!1s0x3bcb97b36c533e8d:0x3acfb01936398552!8m2!3d17.4244593!4d78.4566648!16s%2Fg%2F11p67mkc3j!19sChIJjT5TbLOXyzsRUoU5Nhmwzzo?authuser=0&hl=en&rclk=1
4,KIMS Hospitals,·,General hospital,040 4488 5000,4.5,"(27,973)",https://www.kimshospitals.com/secunderabad/,https://www.google.com/maps/place/KIMS+Hospitals/data=!4m7!3m6!1s0x3bcb9a044ce8779d:0xe3d099b2316a1d2b!8m2!3d17.4369077!4d78.4829184!16s%2Fg%2F11cn8ytwv9!19sChIJnXfoTASayzsRKx1qMbKZ0OM?authuser=0&hl=en&rclk=1
5,Yashoda Hospitals - Malakpet,·,Private hospital,040 4567 4567,4.8,"(29,478)",https://www.yashodahospitals.com/,https://www.google.com/maps/place/Yashoda+Hospitals+-+Malakpet/data=!4m7!3m6!1s0x3bcb990006b4cfad:0xdd23b7e40a9b2cbc!8m2!3d17.3744095!4d78.4999068!16s%2Fg%2F1tplj5ht!19sChIJrc-0BgCZyzsRvCybCuS3I90?authuser=0&hl=en&rclk=1
6,Ozone Hospitals,·,Hospital,095333 88108,4.8,"(2,163)",https://www.ozonehospitals.com/,https://www.google.com/maps/place/Ozone+Hospitals/data=!4m7!3m6!1s0x3bcb98c74bbec717:0x76482d54d930ec79!8m2!3d17.3594018!4d78.5449848!16s%2Fg%2F11h7rr3r5v!19sChIJF8e-S8eYyzsReeww2VQtSHY?authuser=0&hl=en&rclk=1
7,"Medicover Hospitals | Best Multi-speciality Hospital in Hitech City, Hyderabad",·,Hospital,040 6833 4455,4.6,"(12,700)",https://www.medicoverhospitals.in/hospitals/telangana/hyderabad/hitec-city/?utm_source=google&utm_medium=organic&utm_campaign=gmb-hitech-hyderabad,"https://www.google.com/maps/place/Medicover+Hospitals+%7C+Best+Multi-speciality+Hospital+in+Hitech+City,+Hyderabad/data=!4m7!3m6!1s0x3bcb93ddedcbbfd5:0x53c9001a66216872!8m2!3d17.4466685!4d78.3801261!16s%2Fg%2F11b6hyb781!19sChIJ1b_L7d2TyzsRcmghZhoAyVM?authuser=0&hl=en&rclk=1"
8,Olive Hospitals,·,General hospital,040 4049 9500,4.5,"(4,620)",http://www.olivehospitals.com/,https://www.google.com/maps/place/Olive+Hospitals/data=!4m7!3m6!1s0x3bcb96e24ec92bc3:0xccfd9d3502e362e9!8m2!3d17.3936095!4d78.4271174!16s%2Fg%2F1tr8k06h!19sChIJwyvJTuKWyzsR6WLjAjWd_cw?authuser=0&hl=en&rclk=1
9,Continental Hospitals,·,General hospital,040 6700 0000,4.6,"(20,853)",https://www.continentalhospitals.com/,https://www.google.com/maps/place/Continental+Hospitals/data=!4m7!3m6!1s0x3bcb947fdee4f5a1:0x2ca09b4d2e3a79f!8m2!3d17.4175264!4d78.3394579!16s%2Fg%2F1hf2skrky!19sChIJofXk3n-UyzsRn6fj0rQJygI?authuser=0&hl=en&rclk=1
10,Wellness Hospitals,·,Hospital,092992 00010,4.7,"(1,874)",https://wellnesshospitals.in/,https://www.google.com/maps/place/Wellness+Hospitals/data=!4m7!3m6!1s0x3bcba21ac9d4afb7:0x6d60f4b50e491577!8m2!3d17.3266492!4d78.5562432!16s%2Fg%2F11b7rxkk0w!19sChIJt6_UyRqiyzsRdxVJDrX0YG0?authuser=0&hl=en&rclk=1
11,Kamineni Hospitals,·,General hospital,040 3987 9999,4.4,"(5,607)",https://kaminenihospitals.com/,https://www.google.com/maps/place/Kamineni+Hospitals/data=!4m7!3m6!1s0x3bcb9f30dd0a5fd3:0x60740f5f364999bb!8m2!3d17.3516773!4d78.5556036!16s%2Fg%2F1v5k1gg2!19sChIJ018K3TCfyzsRu5lJNl8PdGA?authuser=0&hl=en&rclk=1
12,Apollo Hospitals Jubilee Hills Hyderabad,·,Hospital,040 6907 1200,4.8,"(33,234)",https://www.apollohospitals.com/hyderabad/our-centres/best-hospital-in-jubilee-hills/,https://www.google.com/maps/place/Apollo+Hospitals+Jubilee+Hills+Hyderabad/data=!4m7!3m6!1s0x3bcb976634652a37:0xeb778fba80ddd5bf!8m2!3d17.4153318!4d78.4127627!16s%2Fg%2F1tfkd0pr!19sChIJNyplNGaXyzsRv9XdgLqPd-s?authuser=0&hl=en&rclk=1
13,Aster Prime Hospital,·,General hospital,040 4959 4959,4.8,"(20,911)",https://www.asterhospitals.in/hospitals/aster-prime-hyderabad,https://www.google.com/maps/place/Aster+Prime+Hospital/data=!4m7!3m6!1s0x3bcb90c518f1af29:0xcce594ffcc57ef98!8m2!3d17.437562!4d78.4460392!16s%2Fg%2F11c5_rcypf!19sChIJKa_xGMWQyzsRmO9XzP-U5cw?authuser=0&hl=en&rclk=1
14,Premier Hospital,·,General hospital,083747 18100,4.4,"(3,064)",http://www.premierhospital.in/,https://www.google.com/maps/place/Premier+Hospital/data=!4m7!3m6!1s0x3bcb971f00000001:0xe6dd99b47b8c1ed0!8m2!3d17.3915846!4d78.4269006!16s%2Fg%2F1vppqz_g!19sChIJAQAAAB-XyzsR0B6Me7SZ3eY?authuser=0&hl=en&rclk=1
15,"CARE Hospitals, Banjara Hills",·,General hospital,040 6810 6589,4.5,"(6,203)",https://www.carehospitals.com/hospital-detail/care-hospital-banjara-hills,"https://www.google.com/maps/place/CARE+Hospitals,+Banjara+Hills/data=!4m7!3m6!1s0x3bcb972ff51ff959:0x55376a3d51b6637!8m2!3d17.4126129!4d78.4502437!16s%2Fg%2F1thk75t6!19sChIJWfkf9S-XyzsRN2Yb1aN2UwU?authuser=0&hl=en&rclk=1"
16,"KIMS Hospitals, Gachibowli",·,General hospital,040 4455 0000,4.5,"(4,517)",https://www.kimshospitals.com/gachibowli/?utm_source=gmb&utm_medium=organic&utm_campaign=maps,"https://www.google.com/maps/place/KIMS+Hospitals,+Gachibowli/data=!4m7!3m6!1s0x3bcb96aa9399e941:0x855d41d611b5c14b!8m2!3d17.4200752!4d78.3850206!16s%2Fg%2F11c67wm_pv!19sChIJQemZk6qWyzsRS8G1EdZBXYU?authuser=0&hl=en&rclk=1"
17,Russh Super Speciality Hospital,·,Hospital,088866 11107,4.5,"(3,315)",https://russhhospital.com/,https://www.google.com/maps/place/Russh+Super+Speciality+Hospital/data=!4m7!3m6!1s0x3bcb9aa0458a043f:0xf4a5e7b0c07ffb0e!8m2!3d17.499739!4d78.477503!16s%2Fg%2F11b5q_8jy9!19sChIJPwSKRaCayzsRDvt_wLDnpfQ?authuser=0&hl=en&rclk=1
18,Treatment Range Hospitals - Multi-Specialty Hospital in Hyderabad,·,Hospital,078159 49417,4.8,"(2,036)",https://treatmentrangehospitals.com/,https://www.google.com/maps/place/Treatment+Range+Hospitals+-+Multi-Specialty+Hospital+in+Hyderabad/data=!4m7!3m6!1s0x3bcb91866ee77883:0xa6198b89919b11d6!8m2!3d17.4938953!4d78.3981869!16s%2Fg%2F11fl5nm1cb!19sChIJg3jnboaRyzsR1hGbkYmLGaY?authuser=0&hl=en&rclk=1
19,Hyderabad MultiSpeciality Hospital,·,General hospital,083097 71005,4.6,(330),https://www.hmhcare.com/,https://www.google.com/maps/place/Hyderabad+MultiSpeciality+Hospital/data=!4m7!3m6!1s0x3bcb9846217d666b:0x38ab4fa583b7421e!8m2!3d17.3716265!4d78.5004938!16s%2Fg%2F11b6dfnspm!19sChIJa2Z9IUaYyzsRHkK3g6VPqzg?authuser=0&hl=en&rclk=1
20,Owaisi Hospital & Research Centre,·,General hospital,040 2434 9999,3.8,"(1,035)",http://owaisihospital.com/,https://www.google.com/maps/place/Owaisi+Hospital+%26+Research+Centre/data=!4m7!3m6!1s0x3bcb99cd87dc821b:0x547c5c559ab658fc!8m2!3d17.3410226!4d78.5067136!16s%2Fg%2F1tgfnlbl!19sChIJG4Lch82ZyzsR_Fi2mlVcfFQ?authuser=0&hl=en&rclk=1
21,SLG Hospitals,·,Hospital,040 2378 5678,4.3,"(4,035)",http://www.slghospitals.com/,https://www.google.com/maps/place/SLG+Hospitals/data=!4m7!3m6!1s0x3bcb8decdf97cb1d:0x5b7dc20fee444ec4!8m2!3d17.5286733!4d78.3628087!16s%2Fg%2F11cjj5xlwk!19sChIJHcuX3-yNyzsRxE5E7g_CfVs?authuser=0&hl=en&rclk=1
22,Virinchi People's Hospital,·,Hospital,040 4699 9999,4.5,"(3,605)",http://virinchihospitals.com/,https://www.google.com/maps/place/Virinchi+People%27s+Hospital/data=!4m7!3m6!1s0x3bcb973f4e6167ff:0xf44aeab88e4a81f4!8m2!3d17.4080202!4d78.4512576!16s%2Fg%2F11bxd7phjf!19sChIJ_2dhTj-XyzsR9IFKjrjqSvQ?authuser=0&hl=en&rclk=1
23,Renova Hospitals,·,Private hospital,099123 41701,4.4,"(1,800)",,https://www.google.com/maps/place/Renova+Hospitals/data=!4m7!3m6!1s0x3bcb96febf109379:0x3e4d419f2a2fdf27!8m2!3d17.3732511!4d78.4144672!16s%2Fg%2F1tfvfnrq!19sChIJeZMQv_6WyzsRJ98vKp9BTT4?authuser=0&hl=en&rclk=1
24,Renova Neelima Hospital,·,Private hospital,040 2111 1100,4.2,"(2,466)",,https://www.google.com/maps/place/Renova+Neelima+Hospital/data=!4m7!3m6!1s0x3bcb90e1587850af:0x1ff3f481eeb69451!8m2!3d17.4564605!4d78.4388178!16s%2Fg%2F1td0dz2x!19sChIJr1B4WOGQyzsRUZS27oH08x8?authuser=0&hl=en&rclk=1
25,RR Hospitals,·,Hospital,081420 12568,5.0,(888),http://rrhospitals.in/,https://www.google.com/maps/place/RR+Hospitals/data=!4m7!3m6!1s0x3bcb9cf06c963ed3:0xe0d69fb1a04fbeff!8m2!3d17.4997974!4d78.5927646!16s%2Fg%2F11t_r077gg!19sChIJ0z6WbPCcyzsR_75PoLGf1uA?authuser=0&hl=en&rclk=1
26,"GSS Hospitals, Warangal Highway",·,Hospital,073373 68777,4.0,(171),,"https://www.google.com/maps/place/GSS+Hospitals,+Warangal+Highway/data=!4m7!3m6!1s0x3bcb9f564dd491ad:0xec8a3c528821ea62!8m2!3d17.422319!4d78.6397356!16s%2Fg%2F11hyxkjch2!19sChIJrZHUTVafyzsRYuohiFI8iuw?authuser=0&hl=en&rclk=1"
27,CARE Hospitals Nampally | Best hospital in Nampally,·,Hospital,040 6810 6589,4.5,"(4,242)",https://www.carehospitals.com/hospitals/nampally/,https://www.google.com/maps/place/CARE+Hospitals+Nampally+%7C+Best+hospital+in+Nampally/data=!4m7!3m6!1s0x3bcb977e11bad347:0xe5e97278d79d0e21!8m2!3d17.3856958!4d78.474113!16s%2Fg%2F1tl0vsyd!19sChIJR9O6EX6XyzsRIQ6d13hy6eU?authuser=0&hl=en&rclk=1
28,Star Hospitals,·,Hospital,1800 102 7827,4.7,"(8,588)",https://starhospitals.in/?utm_source=Google&utm_medium=GMB&utm_campaign=GMB-Listings&utm_term=Best-Hospitals-in-Hyderabad,https://www.google.com/maps/place/Star+Hospitals/data=!4m7!3m6!1s0x3bcb96b370994307:0x6211411519d85a52!8m2!3d17.415723!4d78.4455321!16s%2Fg%2F11ddwhqh26!19sChIJB0OZcLOWyzsRUlrYGRVBEWI?authuser=0&hl=en&rclk=1
29,"Guru Nanak CARE Hospitals, Musheerabad | Best Hospital in Musheerabad",·,Hospital,040 6810 6589,4.3,"(1,326)",https://www.carehospitals.com/hospitals/musheerabad/,"https://www.google.com/maps/place/Guru+Nanak+CARE+Hospitals,+Musheerabad+%7C+Best+Hospital+in+Musheerabad/data=!4m7!3m6!1s0x3bcb998d215508fd:0xcb0cc9cf6025d772!8m2!3d17.4154622!4d78.4978341!16s%2Fg%2F1ttdlftx!19sChIJ_QhVIY2ZyzsRctclYM_JDMs?authuser=0&hl=en&rclk=1"
30,Apollo Hospitals | Hyderguda,·,General hospital,040 6907 1298,4.7,"(4,976)",https://www.apollohospitals.com/hyderabad/our-centres/hyderguda/,https://www.google.com/maps/place/Apollo+Hospitals+%7C+Hyderguda/data=!4m7!3m6!1s0x3bcb99b5be5befb1:0x59937b43fb2f9dda!8m2!3d17.3994805!4d78.4793278!16s%2Fg%2F1v3gqcf1!19sChIJse9bvrWZyzsR2p0v-0N7k1k?authuser=0&hl=en&rclk=1
31,PRK Hospitals,·,Hospital,095587 86830,4.3,"(2,320)",http://www.prkhospitals.com/,https://www.google.com/maps/place/PRK+Hospitals/data=!4m7!3m6!1s0x3bcb929154b3c47b:0x9e56459887f55e90!8m2!3d17.4946856!4d78.3217!16s%2Fg%2F11f4pn7ml3!19sChIJe8SzVJGSyzsRkF71h5hFVp4?authuser=0&hl=en&rclk=1
32,CARE Hospitals - Hitec City | Best Hospital in Hyderabad,·,Hospital,040 6810 6589,4.6,"(8,980)",https://www.carehospitals.com/hospital-detail/care-hospital-hi-tech-city,https://www.google.com/maps/place/CARE+Hospitals+-+Hitec+City+%7C+Best+Hospital+in+Hyderabad/data=!4m7!3m6!1s0x3bcb93f07b310913:0x5b01a891704ac369!8m2!3d17.4305169!4d78.372226!16s%2Fg%2F11c1lxlm16!19sChIJEwkxe_CTyzsRacNKcJGoAVs?authuser=0&hl=en&rclk=1
33,Apex Hospitals,·,General hospital,088978 11811,3.9,(507),,https://www.google.com/maps/place/Apex+Hospitals/data=!4m7!3m6!1s0x3bcb9eed9f39d56b:0xa926afe3a45ba033!8m2!3d17.4080717!4d78.5987889!16s%2Fg%2F1pp2vj6tc!19sChIJa9U5n-2eyzsRM6BbpOOvJqk?authuser=0&hl=en&rclk=1
34,"Prasad Hospital - Children and Multi-Specialty Hospital - KPHB Colony, Kukatpally, Hyderabad",·,General hospital,040 2315 2315,4.5,"(2,888)",https://prasadhospital.co.in/,"https://www.google.com/maps/place/Prasad+Hospital+-+Children+and+Multi-Specialty+Hospital+-+KPHB+Colony,+Kukatpally,+Hyderabad/data=!4m7!3m6!1s0x3bcb9194a71ce41f:0x6bb75ffbe140f5d7!8m2!3d17.4920547!4d78.4016199!16s%2Fg%2F1td11qjc!19sChIJH-Qcp5SRyzsR1_VA4ftft2s?authuser=0&hl=en&rclk=1"
35,"Prasad Hospitals - Best Hospital in Kukatpally, Pragatinagar, Bachupally, Nizampet",·,Hospital,081212 12707,4.6,"(1,299)",https://www.prasadhospitals.in/,"https://www.google.com/maps/place/Prasad+Hospitals+-+Best+Hospital+in+Kukatpally,+Pragatinagar,+Bachupally,+Nizampet/data=!4m7!3m6!1s0x3bcb9105e13703e9:0x627d9dece7150972!8m2!3d17.5055692!4d78.395652!16s%2Fg%2F11kj31rmx2!19sChIJ6QM34QWRyzsRcgkV5-ydfWI?authuser=0&hl=en&rclk=1"
36,Srikara Hospitals,·,Hospital,040 4747 0000,4.6,"(9,543)",http://www.srikarahospitals.com/,https://www.google.com/maps/place/Srikara+Hospitals/data=!4m7!3m6!1s0x3bcb9267b0771b13:0x395062720fe10d75!8m2!3d17.492121!4d78.3480496!16s%2Fg%2F11b7hplg1n!19sChIJExt3sGeSyzsRdQ3hD3JiUDk?authuser=0&hl=en&rclk=1
37,KIMS Hospitals Kondapur,·,Private hospital,040 4488 5000,4.6,"(13,932)",http://www.kimshospitals.com/Kondapur/,https://www.google.com/maps/place/KIMS+Hospitals+Kondapur/data=!4m7!3m6!1s0x3bcb93239ade09c7:0x85d06a664cd40d56!8m2!3d17.4659598!4d78.3678278!16s%2Fg%2F11gjm5cznc!19sChIJxwnemiOTyzsRVg3UTGZq0IU?authuser=0&hl=en&rclk=1
38,"CARE Hospitals, Malakpet | Best Hospital in malakpet",·,General hospital,040 6810 6589,4.7,"(3,677)",https://www.carehospitals.com/hospital-detail/care-hospitals-malakpet-hyderabad,"https://www.google.com/maps/place/CARE+Hospitals,+Malakpet+%7C+Best+Hospital+in+malakpet/data=!4m7!3m6!1s0x3bcb982df4124f03:0xfe6751b2d0c87cbb!8m2!3d17.3768915!4d78.4905862!16s%2Fg%2F1v5_7wsz!19sChIJA08S9C2YyzsRu3zI0LJRZ_4?authuser=0&hl=en&rclk=1"
39,Himagiri Hospitals,·,General hospital,040 6810 1111,4.2,"(4,040)",http://www.himagirihospitals.com/,https://www.google.com/maps/place/Himagiri+Hospitals/data=!4m7!3m6!1s0x3bcb9395a0a0559d:0xaa0213d270f7b95c!8m2!3d17.4423108!4d78.3587114!16s%2Fg%2F1hd_fl8wf!19sChIJnVWgoJWTyzsRXLn3cNITAqo?authuser=0&hl=en&rclk=1
40,PACE Hospitals - HITEC City,·,General hospital,040 4848 6868,4.5,"(8,644)",https://www.pacehospital.com/,https://www.google.com/maps/place/PACE+Hospitals+-+HITEC+City/data=!4m7!3m6!1s0x3bcb916020093aa3:0xe37f244ddf5444a7!8m2!3d17.4469083!4d78.3842361!16s%2Fg%2F11bzymkgqq!19sChIJozoJIGCRyzsRp0RU300kf-M?authuser=0&hl=en&rclk=1
41,The Deccan Hospital,·,Hospital,090000 39595,4.7,"(2,891)",http://www.deccanhospital.com/,https://www.google.com/maps/place/The+Deccan+Hospital/data=!4m7!3m6!1s0x3bcb974b3e04ac7b:0x7024a406dfcf4620!8m2!3d17.4247384!4d78.4554823!16s%2Fg%2F124yhkkt6!19sChIJe6wEPkuXyzsRIEbP3wakJHA?authuser=0&hl=en&rclk=1
42,The Deccan Hospital,·,Hospital,090000 39595,4.7,"(2,891)",http://www.deccanhospital.com/,https://www.google.com/maps/place/The+Deccan+Hospital/data=!4m7!3m6!1s0x3bcb974b3e04ac7b:0x7024a406dfcf4620!8m2!3d17.4247384!4d78.4554823!16s%2Fg%2F124yhkkt6!19sChIJe6wEPkuXyzsRIEbP3wakJHA?authuser=0&hl=en&rclk=1
43,Anaya Hospital,·,Hospital,081828 91928,4.8,(415),https://anayahospitals.in/,https://www.google.com/maps/place/Anaya+Hospital/data=!4m7!3m6!1s0x3bcb99a1b461e8c1:0x8d48272f29bd40ef!8m2!3d17.3992195!4d78.4924644!16s%2Fg%2F11hdpsyh96!19sChIJwehhtKGZyzsR70C9KS8nSI0?authuser=0&hl=en&rclk=1
44,TX Hospitals Uppal,·,Hospital,040 4310 8108,4.8,"(7,856)",https://txhospitals.in/,https://www.google.com/maps/place/TX+Hospitals+Uppal/data=!4m7!3m6!1s0x3bcb9f1c2b3ac0cf:0x212093b317ea8a1d!8m2!3d17.4023452!4d78.5669578!16s%2Fg%2F11hz1654n3!19sChIJz8A6KxyfyzsRHYrqF7OTICE?authuser=0&hl=en&rclk=1
45,TX Hospitals Kachiguda,·,Hospital,040 4810 8108,4.8,"(5,749)",http://txhospitals.in/,https://www.google.com/maps/place/TX+Hospitals+Kachiguda/data=!4m7!3m6!1s0x3bcb999c52a9dd7b:0xa30ffc907c9a3d3c!8m2!3d17.389563!4d78.4954536!16s%2Fg%2F11n7_4y_7d!19sChIJe92pUpyZyzsRPD2afJD8D6M?authuser=0&hl=en&rclk=1
46,Mahavir Hospital & Research Centre,·,Private hospital,040 2349 7399,3.2,(444),https://themahavirhospital.in/,https://www.google.com/maps/place/Mahavir+Hospital+%26+Research+Centre/data=!4m7!3m6!1s0x3bcb9741e7abc01f:0xe42b0d060c7b4588!8m2!3d17.4036002!4d78.4570332!16s%2Fg%2F1jgm1js0y!19sChIJH8Cr50GXyzsRiEV7DAYNK-Q?authuser=0&hl=en&rclk=1
47,"Srikara Hospitals, RTC Cross Roads",·,Hospital,040 6911 6911,4.8,"(3,956)",http://www.srikarahospitals.com/,"https://www.google.com/maps/place/Srikara+Hospitals,+RTC+Cross+Roads/data=!4m7!3m6!1s0x3bcb9a25d352c5f7:0xcc23142b787c227e!8m2!3d17.4088677!4d78.4962702!16s%2Fg%2F11bbt9nrhl!19sChIJ98VS0yWayzsRfiJ8eCsUI8w?authuser=0&hl=en&rclk=1"
48,Sri Sri Holistic®️ Hospitals,·,Hospital,040 4410 8108,4.5,"(6,217)",https://srisriholistichospitals.com/,https://www.google.com/maps/place/Sri+Sri+Holistic%C2%AE%EF%B8%8F+Hospitals/data=!4m7!3m6!1s0x3bcb9a090b3018fd:0x7a60b593fe53fde9!8m2!3d17.502219!4d78.3889566!16s%2Fg%2F11x9gsqf3!19sChIJ_RgwCwmayzsR6f1T_pO1YHo?authuser=0&hl=en&rclk=1
49,"Mina Multispeciality Hospital | Best Hospital – Royal Nagar, Mehdipatnam | Best Maternity, OBG, GYNAC | Emergency Care",·,General hospital,040 2353 1881,4.5,"(1,377)",https://minahospitals.in/,"https://www.google.com/maps/place/Mina+Multispeciality+Hospital+%7C+Best+Hospital+%E2%80%93+Royal+Nagar,+Mehdipatnam+%7C+Best+Maternity,+OBG,+GYNAC+%7C+Emergency+Care/data=!4m7!3m6!1s0x3bcb9710c347c723:0x2031c6aaaccd2336!8m2!3d17.395202!4d78.443172!16s%2Fg%2F1pp2vbclx!19sChIJI8dHwxCXyzsRNiPNrKrGMSA?authuser=0&hl=en&rclk=1"
50,Apollo Spectra Hospitals,·,General hospital,084484 40991,4.5,"(2,069)",https://www.apollospectra.com/hyderabad/kondapur/our-hospitals/best-hospital-in-kondapur-hyderabad?utm_source=google&utm_medium=GoogleMap&utm_campaign=GoogleMapKondapur,https://www.google.com/maps/place/Apollo+Spectra+Hospitals/data=!4m7!3m6!1s0x3bcb93c922e78077:0x7fefd4f3391ae6d0!8m2!3d17.4596889!4d78.3660374!16s%2Fg%2F11clyszrws!19sChIJd4DnIsmTyzsR0OYaOfPU738?authuser=0&hl=en&rclk=1
51,"Sri Sri Holistic Hospitals - State-of-the-art Multispecialty Hospital in Kondapur, Hyderabad",·,Hospital,,4.5,(501),https://srisriholistichospitals.com/,"https://www.google.com/maps/place/Sri+Sri+Holistic+Hospitals+-+State-of-the-art+Multispecialty+Hospital+in+Kondapur,+Hyderabad/data=!4m7!3m6!1s0x3bcb93f3053bb1d5:0xbbc8f184375233b5!8m2!3d17.464958!4d78.3431954!16s%2Fg%2F11txgxl_3m!19sChIJ1bE7BfOTyzsRtTNSN4TxyLs?authuser=0&hl=en&rclk=1"
52,Nampally Government Hospital,·,Hospital,,3.7,(140),http://www.ahnampally.com/,https://www.google.com/maps/place/Nampally+Government+Hospital/data=!4m7!3m6!1s0x3bcb976e70000001:0xf396212512e5289c!8m2!3d17.3922731!4d78.4632945!16s%2Fg%2F1tyt3tmr!19sChIJAQAAcG6XyzsRnCjlEiUhlvM?authuser=0&hl=en&rclk=1
53,Wellness Hospitals,·,Hospital,091000 20100,4.7,(804),https://wellnesshospitals.in/,https://www.google.com/maps/place/Wellness+Hospitals/data=!4m7!3m6!1s0x3bcb90c7c38b8e17:0xede8e5b6de310471!8m2!3d17.4360762!4d78.4502234!16s%2Fg%2F11s2ysf37p!19sChIJF46Lw8eQyzsRcQQx3rbl6O0?authuser=0&hl=en&rclk=1
54,OMNI Hospitals,·,Private hospital,080963 69999,4.3,"(3,360)",https://omnihospitals.in/,https://www.google.com/maps/place/OMNI+Hospitals/data=!4m7!3m6!1s0x3bcb98e93eec1a2f:0x9dc9016e4c959f7d!8m2!3d17.3686691!4d78.538822!16s%2Fg%2F1ptwzxd8y!19sChIJLxrsPumYyzsRfZ-VTG4ByZ0?authuser=0&hl=en&rclk=1
55,Rex Super Speciality Hospital,·,Hospital,099080 35023,4.6,(459),https://rexsuperspecialityhospital.in/,https://www.google.com/maps/place/Rex+Super+Speciality+Hospital/data=!4m7!3m6!1s0x3bcb95746e8ef119:0x694b4c86f958fba7!8m2!3d17.3942795!4d78.3753745!16s%2Fg%2F11s0w1jw_7!19sChIJGfGObnSVyzsRp_tY-YZMS2k?authuser=0&hl=en&rclk=1
56,Tx Hospitals Banjara Hills,·,Hospital,040 6652 9999,4.9,"(6,948)",http://www.txhospitals.in/,https://www.google.com/maps/place/Tx+Hospitals+Banjara+Hills/data=!4m7!3m6!1s0x3bcb97fe77c0cf9d:0xfee82fa44d76adad!8m2!3d17.4077701!4d78.4446554!16s%2Fg%2F11td4lzcfq!19sChIJnc_Ad_6XyzsRra12TaQv6P4?authuser=0&hl=en&rclk=1
57,Yashoda Hospitals Hitec City,·,Hospital,040 4567 4567,4.8,"(11,945)",https://www.yashodahospitals.com/,https://www.google.com/maps/place/Yashoda+Hospitals+Hitec+City/data=!4m7!3m6!1s0x3bcb917df77e5ba9:0xa47221c5deef3da2!8m2!3d17.4623137!4d78.3849124!16s%2Fg%2F11h9x8zchq!19sChIJqVt-932RyzsRoj3v3sUhcqQ?authuser=0&hl=en&rclk=1
58,"Gleneagles AWARE Hospital, LB Nagar, Hyderabad",·,General hospital,063665 62039,4.7,"(4,895)",https://www.gleneagleshospitals.co.in/gleneagles-aware-hospital-lb-nagar-hyderabad,"https://www.google.com/maps/place/Gleneagles+AWARE+Hospital,+LB+Nagar,+Hyderabad/data=!4m7!3m6!1s0x3bcb9898fd5a1ca3:0xe729e2cca4d0296d!8m2!3d17.3459452!4d78.5399442!16s%2Fm%2F0h_cyl0!19sChIJoxxa_ZiYyzsRbSnQpMziKec?authuser=0&hl=en&rclk=1"
59,Gandhi Hospital,·,General hospital,040 2750 5566,3.6,"(1,444)",https://www.gandhihospital.telangana.gov.in/,https://www.google.com/maps/place/Gandhi+Hospital/data=!4m7!3m6!1s0x3bcb998cf8889263:0x2142257bc81507ff!8m2!3d17.4233214!4d78.5040659!16s%2Fg%2F1trrbn9z!19sChIJY5KI-IyZyzsR_wcVyHslQiE?authuser=0&hl=en&rclk=1
60,NHS Hospitals,·,Hospital,098495 55371,4.9,(557),https://www.nhshospitals.in/,https://www.google.com/maps/place/NHS+Hospitals/data=!4m7!3m6!1s0x3bcb9b983308f149:0x1ea5fa2fe6d88257!8m2!3d17.4505328!4d78.503195!16s%2Fg%2F11tcpbwmfh!19sChIJSfEIM5ibyzsRV4LY5i_6pR4?authuser=0&hl=en&rclk=1
61,Amor Hospitals | Best Hospital in Kukatpally Hyderabad,·,Hospital,040 6606 9999,4.7,"(4,736)",https://www.amorhospitals.com/contact/,https://www.google.com/maps/place/Amor+Hospitals+%7C+Best+Hospital+in+Kukatpally+Hyderabad/data=!4m7!3m6!1s0x3bcb911822d65471:0x2a1a0c3347951158!8m2!3d17.4772417!4d78.4206807!16s%2Fg%2F11qgsqrtjc!19sChIJcVTWIhiRyzsRWBGVRzMMGio?authuser=0&hl=en&rclk=1
62,"OMNI Hospitals, Kukatpally",·,Private hospital,088801 01000,4.5,"(4,719)",https://omnihospitals.in/,"https://www.google.com/maps/place/OMNI+Hospitals,+Kukatpally/data=!4m7!3m6!1s0x3bcb91bc5cdb9fbd:0xb96e1ba3797d9253!8m2!3d17.4852697!4d78.4109404!16s%2Fg%2F11bwn2p41m!19sChIJvZ_bXLyRyzsRU5J9eaMbbrk?authuser=0&hl=en&rclk=1"
63,Abhaya Multi-specialty Trust Hospital,·,Hospital,095151 41901,4.7,(839),http://www.abhayatrusthospitals.com/,https://www.google.com/maps/place/Abhaya+Multi-specialty+Trust+Hospital/data=!4m7!3m6!1s0x3bcb9f0803ecd3c1:0x4e03b303c1559b82!8m2!3d17.4157984!4d78.5851757!16s%2Fg%2F11qmmhym47!19sChIJwdPsAwifyzsRgptVwQOzA04?authuser=0&hl=en&rclk=1
64,Pranaam Hospitals,·,General hospital,077320 38844,4.0,"(2,721)",https://pranaamhospitals.com/,https://www.google.com/maps/place/Pranaam+Hospitals/data=!4m7!3m6!1s0x3bcb926165b68aad:0x937622231cd7ad48!8m2!3d17.4944967!4d78.342745!16s%2Fg%2F1tm1nxp1!19sChIJrYq2ZWGSyzsRSK3XHCMidpM?authuser=0&hl=en&rclk=1
65,"Rainbow Children’s Hospital & BirthRight, Banjara Hills, Hyderabad - Best Maternity Hospital",·,Hospital,080 3535 8317,4.6,"(19,046)",https://www.rainbowhospitals.in/our-centre/hyderabad/banjara-hills-road?utm_source=gmb&utm_medium=organic&utm_campaign=rainbow_hospitals,"https://www.google.com/maps/place/Rainbow+Children%E2%80%99s+Hospital+%26+BirthRight,+Banjara+Hills,+Hyderabad+-+Best+Maternity+Hospital/data=!4m7!3m6!1s0x3bcb90cab4aa6a93:0x4c1e7b85d3f3c95a!8m2!3d17.4254319!4d78.4319898!16s%2Fg%2F1tdvc0n1!19sChIJk2qqtMqQyzsRWsnz04V7Hkw?authuser=0&hl=en&rclk=1"
66,Medicover Hospitals | Best Multi-speciality Hospital in Chandanagar,·,Hospital,040 6833 4455,4.6,"(6,360)",https://www.medicoverhospitals.in/hospitals/telangana/hyderabad/chandanagar/?utm_source=google&utm_medium=organic&utm_campaign=gmb-chandanagar,https://www.google.com/maps/place/Medicover+Hospitals+%7C+Best+Multi-speciality+Hospital+in+Chandanagar/data=!4m7!3m6!1s0x3bcb9296b2a601f1:0x65b61d994b888ddb!8m2!3d17.4981672!4d78.3144054!16s%2Fg%2F1v3klj6y!19sChIJ8QGmspaSyzsR242IS5kdtmU?authuser=0&hl=en&rclk=1
67,Century Super Speciality Hospital,·,General hospital,040 6783 3333,4.1,(892),,https://www.google.com/maps/place/Century+Super+Speciality+Hospital/data=!4m7!3m6!1s0x3bcb91ecec502463:0x650935a369c14b70!8m2!3d17.4072606!4d78.4447321!16s%2Fg%2F11b6hmh4hb!19sChIJYyRQ7OyRyzsRcEvBaaM1CWU?authuser=0&hl=en&rclk=1
68,"INTEGRO HOSPITAL | Best Surgical Multi-Specialty in Mehdipatnam, Hyderabad",·,Hospital,072870 00333,4.8,(835),,"https://www.google.com/maps/place/INTEGRO+HOSPITAL+%7C+Best+Surgical+Multi-Specialty+in+Mehdipatnam,+Hyderabad/data=!4m7!3m6!1s0x3bcb9b6812fbc547:0x1b4f4f1f0f53d208!8m2!3d17.395643!4d78.4302504!16s%2Fg%2F11lpwj2m68!19sChIJR8X7EmibyzsRCNJTDx9PTxs?authuser=0&hl=en&rclk=1"
69,Sai Vani Super Speciality Hospital,·,General hospital,040 2763 4463,3.4,(413),http://www.saivanihospital.com/,https://www.google.com/maps/place/Sai+Vani+Super+Speciality+Hospital/data=!4m7!3m6!1s0x3bcb99e472c30c5b:0x86dd7bf6ad4b2f2d!8m2!3d17.4109667!4d78.4835584!16s%2Fg%2F1tjym4zb!19sChIJWwzDcuSZyzsRLS9LrfZ73YY?authuser=0&hl=en&rclk=1
70,Sri Swastik Multispecialty Hospital,·,Hospital,097055 76576,4.8,"(1,050)",,https://www.google.com/maps/place/Sri+Swastik+Multispecialty+Hospital/data=!4m7!3m6!1s0x3bcb8d49dedf440f:0xa53017994cd8bb58!8m2!3d17.5380953!4d78.3638402!16s%2Fg%2F11gr5d6zkq!19sChIJD0Tf3kmNyzsRWLvYTJkXMKU?authuser=0&hl=en&rclk=1
71,SV Super Speciality Hospital,·,Hospital,089777 10801,4.6,(206),https://svsuperspecialityhospital.com/,https://www.google.com/maps/place/SV+Super+Speciality+Hospital/data=!4m7!3m6!1s0x3bcb8fbc82821d33:0xe335fadaa1fb605e!8m2!3d17.5584337!4d78.4423797!16s%2Fg%2F11vy6pck6d!19sChIJMx2CgryPyzsRXmD7odr6NeM?authuser=0&hl=en&rclk=1
72,Apollo Hospitals | Secunderabad,·,General hospital,040 6907 1299,4.7,"(6,495)",https://www.apollohospitals.com/hyderabad/our-centres/secunderabad/,https://www.google.com/maps/place/Apollo+Hospitals+%7C+Secunderabad/data=!4m7!3m6!1s0x3bcb9f34d6e9e125:0xe4fbf3c7f84f79db!8m2!3d17.4396123!4d78.5047331!16s%2Fg%2F1tfrf6nm!19sChIJJeHp1jSfyzsR23lP-Mfz--Q?authuser=0&hl=en&rclk=1
73,Gemcare Poulomi Hospitals,·,Hospital,090329 20000,4.0,"(1,338)",https://gemcarepoulomihospitals.com/,https://www.google.com/maps/place/Gemcare+Poulomi+Hospitals/data=!4m7!3m6!1s0x3bcb9b7716c9aaa9:0xcb637f00a3ac1f34!8m2!3d17.4824323!4d78.5528198!16s%2Fg%2F1td4b_nq!19sChIJqarJFnebyzsRNB-sowB_Y8s?authuser=0&hl=en&rclk=1
74,"Sunrise Hospitals - Hayathnagar | Best Hospitals in Hayathnagar, Hyderabad | Hospitals near me | Multispeciality Hospital",·,Hospital,040 6745 1111,4.5,(656),https://www.sunrisehospitals.com/,"https://www.google.com/maps/place/Sunrise+Hospitals+-+Hayathnagar+%7C+Best+Hospitals+in+Hayathnagar,+Hyderabad+%7C+Hospitals+near+me+%7C+Multispeciality+Hospital/data=!4m7!3m6!1s0x3bcba1cf9958b563:0xae85bc2f6fdcf0c1!8m2!3d17.328009!4d78.6017297!16s%2Fg%2F11b6j5p5m_!19sChIJY7VYmc-hyzsRwfDcby-8ha4?authuser=0&hl=en&rclk=1"
75,Sunrise Hospitals - Shamshabad,·,General hospital,088866 35528,4.8,(735),https://thesunrisehospitals.com/,https://www.google.com/maps/place/Sunrise+Hospitals+-+Shamshabad/data=!4m7!3m6!1s0x3bcbbfa3fe0db909:0xad27207cb45cfa2b!8m2!3d17.2598116!4d78.3833902!16s%2Fg%2F11s3q3q8bk!19sChIJCbkN_qO_yzsRK_pctHwgJ60?authuser=0&hl=en&rclk=1
76,"CARE Hospitals Outpatient Centre, Banjara Hills | Best Hospital in Banjara Hills",·,Hospital,040 6810 6589,4.6,"(7,218)",https://www.carehospitals.com/hospital-detail/care-outpatient-centre-banjara-hills,"https://www.google.com/maps/place/CARE+Hospitals+Outpatient+Centre,+Banjara+Hills+%7C+Best+Hospital+in+Banjara+Hills/data=!4m7!3m6!1s0x3bcb9730a996204d:0xb363d9d7937ee566!8m2!3d17.4142629!4d78.4464917!16s%2Fg%2F124syyp26!19sChIJTSCWqTCXyzsRZuV-k9fZY7M?authuser=0&hl=en&rclk=1"
77,Nirvitha Hospital,·,General hospital,089788 17019,4.8,(643),,https://www.google.com/maps/place/Nirvitha+Hospital/data=!4m7!3m6!1s0x3bcb8d611adc6c55:0x37d4afe106fd48ce!8m2!3d17.5130038!4d78.3013914!16s%2Fg%2F11gwm73rqy!19sChIJVWzcGmGNyzsRzkj9BuGv1Dc?authuser=0&hl=en&rclk=1
78,APOLLO REACH NSR HOSPITAL,·,Hospital,094598 75555,4.6,(471),https://apolloreachnsrhospital.com/,https://www.google.com/maps/place/APOLLO+REACH+NSR+HOSPITAL/data=!4m7!3m6!1s0x3a3345b3b5aa0071:0x1d33928068986e0a!8m2!3d18.0326394!4d79.6308385!16s%2Fg%2F11qs6ljns8!19sChIJcQCqtbNFMzoRCm6YaICSMx0?authuser=0&hl=en&rclk=1
79,"Gleneagles Hospital, Lakdi-Ka-Pul, Hyderabad",·,General hospital,074282 92787,4.8,"(5,587)",https://www.gleneagleshospitals.co.in/gleneagles-hospital-lakdi-ka-pul-hyderabad,"https://www.google.com/maps/place/Gleneagles+Hospital,+Lakdi-Ka-Pul,+Hyderabad/data=!4m7!3m6!1s0x3bcb9742cf160941:0x4d6f95d1b9f7c8fc!8m2!3d17.4053562!4d78.4632611!16s%2Fg%2F1tjdk5zw!19sChIJQQkWz0KXyzsR_Mj3udGVb00?authuser=0&hl=en&rclk=1"
80,Shadan Hospital,·,General hospital,040 2988 6161,3.6,(204),http://www.shadan.in/,https://www.google.com/maps/place/Shadan+Hospital/data=!4m7!3m6!1s0x3bcb95c4bd211f1f:0x6f4bde55288fc9fd!8m2!3d17.3518543!4d78.3736039!16s%2Fg%2F1vmq_vcg!19sChIJHx8hvcSVyzsR_cmPKFXeS28?authuser=0&hl=en&rclk=1
81,NextGen Hospitals,·,Hospital,093914 23050,4.6,(894),http://www.nextgenhospitals.com/,https://www.google.com/maps/place/NextGen+Hospitals/data=!4m7!3m6!1s0x3bcb916e5cb65dfb:0x8a5b7a7934adf5a9!8m2!3d17.489186!4d78.396141!16s%2Fg%2F11spvwvkb9!19sChIJ-122XG6RyzsRqfWtNHl6W4o?authuser=0&hl=en&rclk=1
82,PANACEA MERIDIAN HOSPITALS,·,Hospital,073374 47446,4.4,"(1,089)",,https://www.google.com/maps/place/PANACEA+MERIDIAN+HOSPITALS/data=!4m7!3m6!1s0x3bcb92917e393827:0x7828dd00e044c3c1!8m2!3d17.508838!4d78.3001446!16s%2Fg%2F11xqsp7yf!19sChIJJzg5fpGSyzsRwcNE4ADdKHg?authuser=0&hl=en&rclk=1
83,RamdevRao Hospital,·,General hospital,040 2931 5002,3.9,"(1,169)",https://ramdevraohospital.com/,https://www.google.com/maps/place/RamdevRao+Hospital/data=!4m7!3m6!1s0x3bcb9195803b4be5:0x8a28bb602084cb7f!8m2!3d17.490283!4d78.4069437!16s%2Fg%2F1v8x0mwh!19sChIJ5Us7gJWRyzsRf8uEIGC7KIo?authuser=0&hl=en&rclk=1
84,Western Hospitals | Best Multispeciality Hospital in Lakdikapul | 24/7 Emergency Care,·,Hospital,090009 12793,4.6,(33),https://www.westernhospitals.com/,https://www.google.com/maps/place/Western+Hospitals+%7C+Best+Multispeciality+Hospital+in+Lakdikapul+%7C+24%2F7+Emergency+Care/data=!4m7!3m6!1s0x3bcb97a9f8074e61:0x1435506f1be4e796!8m2!3d17.4021722!4d78.4625317!16s%2Fg%2F11y2spqr68!19sChIJYU4H-KmXyzsRlufkG29QNRQ?authuser=0&hl=en&rclk=1
85,Arete Hospitals,·,Hospital,040 6969 6969,4.8,"(4,040)",http://www.aretehospitals.com/,https://www.google.com/maps/place/Arete+Hospitals/data=!4m7!3m6!1s0x3bcb93c934593957:0xe6f4290a6e8468b5!8m2!3d17.4278626!4d78.3750238!16s%2Fg%2F11q40dp6y6!19sChIJVzlZNMmTyzsRtWiEbgop9OY?authuser=0&hl=en&rclk=1
86,CHAVAN HOSPITALS,·,Hospital,098498 47269,4.7,(294),http://www.chavanhospitals.com/,https://www.google.com/maps/place/CHAVAN+HOSPITALS/data=!4m7!3m6!1s0x3bcba374c23ad311:0x8a30aca7e9055c5e!8m2!3d17.3139179!4d78.5087636!16s%2Fg%2F11kz3x49bh!19sChIJEdM6wnSjyzsRXlwF6aesMIo?authuser=0&hl=en&rclk=1
87,"Star Hospitals | State-of-the-art Multispeciality Hospital I Nanakramguda, Financial District Hyderabad",·,Hospital,1800 102 7827,4.6,"(2,138)",https://starhospitals.in/locations/financial-district?utm_source=GMB&utm_medium=FD&utm_campaign=Financial_districts+,"https://www.google.com/maps/place/Star+Hospitals+%7C+State-of-the-art+Multispeciality+Hospital+I+Nanakramguda,+Financial+District+Hyderabad/data=!4m7!3m6!1s0x3bcb9551d08326eb:0x621fca741d454ebf!8m2!3d17.41896!4d78.3539286!16s%2Fg%2F11k9bk5jcj!19sChIJ6yaD0FGVyzsRv05FHXTKH2I?authuser=0&hl=en&rclk=1"
88,S Cure Super Specialty Hospital,·,Hospital,072228 99799,4.9,(119),https://scurehospitals.com/,https://www.google.com/maps/place/S+Cure+Super+Specialty+Hospital/data=!4m7!3m6!1s0x3bcb9d0832d960c7:0x2264ac2e05fd4cfa!8m2!3d17.4899253!4d78.6117143!16s%2Fg%2F11sd8dm265!19sChIJx2DZMgidyzsR-kz9BS6sZCI?authuser=0&hl=en&rclk=1
89,Neelima Hospital,·,General hospital,040 2371 0069,4.0,(479),,https://www.google.com/maps/place/Neelima+Hospital/data=!4m7!3m6!1s0x3bcb911c5eebe68f:0x6f5e76e963052cc2!8m2!3d17.45625!4d78.425703!16s%2Fg%2F11bbs2zcqz!19sChIJj-brXhyRyzsRwiwFY-l2Xm8?authuser=0&hl=en&rclk=1
90,Shalivahana Multi Speciality Hospital,,Hospital,088855 48000,4.3,(88),,https://www.google.com/maps/place/Shalivahana+Multi+Speciality+Hospital/data=!4m7!3m6!1s0x3bcb9992f1dd5fcf:0x99203686a5a2cd31!8m2!3d17.3725419!4d78.5229475!16s%2Fg%2F11lgqlywh6!19sChIJz1_d8ZKZyzsRMc2ipYY2IJk?authuser=0&hl=en&rclk=1
91,"District Hospital, King Koti",·,Government hospital,,4.0,(299),,"https://www.google.com/maps/place/District+Hospital,+King+Koti/data=!4m7!3m6!1s0x3bcb99da0c8c51d7:0xeea5d0fc09e6f7df!8m2!3d17.393257!4d78.4824761!16s%2Fg%2F1q2vypp8y!19sChIJ11GMDNqZyzsR3_fmCfzQpe4?authuser=0&hl=en&rclk=1"
92,"Ankura Hospital for Women & Children - Gynecologist & Pediatrician in Kukatpally, Hyderabad (This is Our New Location)",·,Hospital,090531 08108,4.4,"(3,837)",https://www.ankurahospitals.com/best-women-and-children-care-hospital-in-kphb/,"https://www.google.com/maps/place/Ankura+Hospital+for+Women+%26+Children+-+Gynecologist+%26+Pediatrician+in+Kukatpally,+Hyderabad+%28This+is+Our+New+Location%29/data=!4m7!3m6!1s0x3bcb9180e3b4b101:0x2fbe2ab928b4b06!8m2!3d17.4884021!4d78.4098096!16s%2Fg%2F11h08h26p!19sChIJAbG044CRyzsRBkuLkqvi-wI?authuser=0&hl=en&rclk=1"
93,Renova Hospitals - Kompally,·,General hospital,091212 41005,4.0,(321),https://renovahospitals.com/book-appointment/,https://www.google.com/maps/place/Renova+Hospitals+-+Kompally/data=!4m7!3m6!1s0x3bcb9b66462bafc3:0x6488cc66eeb6c6b4!8m2!3d17.5184281!4d78.4821754!16s%2Fg%2F11qm03qv5n!19sChIJw68rRmabyzsRtMa27mbMiGQ?authuser=0&hl=en&rclk=1
94,"Star Hospitals - B Block | Best multiSpeciality Hospital in Banjara Hills, Hyderabad",·,Hospital,091009 11911,4.9,(802),https://starhospitals.in/,"https://www.google.com/maps/place/Star+Hospitals+-+B+Block+%7C+Best+multiSpeciality+Hospital+in+Banjara+Hills,+Hyderabad/data=!4m7!3m6!1s0x3bcb971c14acd379:0x6809ba54e82f1499!8m2!3d17.4150283!4d78.4477767!16s%2Fg%2F11sk3gvx_d!19sChIJedOsFByXyzsRmRQv6FS6CWg?authuser=0&hl=en&rclk=1"
95,MEDS Hospital,·,General hospital,095732 00178,4.4,(42),,https://www.google.com/maps/place/MEDS+Hospital/data=!4m7!3m6!1s0x3bcb9790ac8ee177:0xa3be8d65ce4ccd53!8m2!3d17.3655178!4d78.4620796!16s%2Fg%2F1tptp1md!19sChIJd-GOrJCXyzsRU81MzmWNvqM?authuser=0&hl=en&rclk=1
96,Osmania General Hospital,·,General hospital,,3.5,(951),,https://www.google.com/maps/place/Osmania+General+Hospital/data=!4m7!3m6!1s0x3bcb97d8439751ef:0xa2c3252a87566ea4!8m2!3d17.3742889!4d78.4745851!16s%2Fm%2F03h47sj!19sChIJ71GXQ9iXyzsRpG5Whyolw6I?authuser=0&hl=en&rclk=1
97,Core Magnus Hospitals,·,Hospital,070759 09500,4.4,(253),,https://www.google.com/maps/place/Core+Magnus+Hospitals/data=!4m7!3m6!1s0x3bcb97840039893b:0xc815c5ab74bfbfe0!8m2!3d17.3501804!4d78.4181246!16s%2Fg%2F11s0x5bdjl!19sChIJO4k5AISXyzsR4L-_dKvFFcg?authuser=0&hl=en&rclk=1
98,Srikara Hospitals - ECIL,·,Hospital,040 4110 8108,4.7,"(3,372)",http://www.srikarahospitals.com/,https://www.google.com/maps/place/Srikara+Hospitals+-+ECIL/data=!4m7!3m6!1s0x3bcb9da5dde7c717:0x27510f786b65e18!8m2!3d17.4749154!4d78.5679608!16s%2Fg%2F1tf9lqj0!19sChIJF8fn3aWdyzsRGF62hvcQdQI?authuser=0&hl=en&rclk=1
99,Shree Veda Multispeciality Hospital | Best Hospital in Hyderabad | General Physician | 24*7 Emergency & Ambulance Services,·,Hospital,090590 45473,4.9,(481),https://www.shreevedahospitals.com/,https://www.google.com/maps/place/Shree+Veda+Multispeciality+Hospital+%7C+Best+Hospital+in+Hyderabad+%7C+General+Physician+%7C+24*7+Emergency+%26+Ambulance+Services/data=!4m7!3m6!1s0x3bcb932523e6b429:0xfcc6f7e90092d03c!8m2!3d17.5075951!4d78.3032929!16s%2Fg%2F11y5jkzl39!19sChIJKbTmIyWTyzsRPNCSAOn3xvw?authuser=0&hl=en&rclk=1
100,Bristlecone Hospital,·,Hospital,040 4599 9999,4.6,"(1,458)",http://bristleconehospitals.com/,https://www.google.com/maps/place/Bristlecone+Hospital/data=!4m7!3m6!1s0x3bcb99c841800937:0xe46b22a91991a892!8m2!3d17.3920034!4d78.4961504!16s%2Fg%2F1tdx74vq!19sChIJNwmAQciZyzsRkqiRGakia-Q?authuser=0&hl=en&rclk=1
101,Raghava Multi Speciality Hospital,·,Hospital,040 2373 2617,3.6,(122),,https://www.google.com/maps/place/Raghava+Multi+Speciality+Hospital/data=!4m7!3m6!1s0x3bcb90c5bfffffff:0x6539c51545594e18!8m2!3d17.4387656!4d78.4421569!16s%2Fg%2F1vn16zy3!19sChIJ____v8WQyzsRGE5ZRRXFOWU?authuser=0&hl=en&rclk=1
102,PACE Hospitals - Madeenaguda,·,Hospital,040 4848 6868,4.8,(356),https://www.pacehospital.com/madinaguda,https://www.google.com/maps/place/PACE+Hospitals+-+Madeenaguda/data=!4m7!3m6!1s0x3bcb933e46207413:0x29f88e7ab06ff7c!8m2!3d17.4941993!4d78.3470982!16s%2Fg%2F11fnr9g1z7!19sChIJE3QgRj6TyzsRfP8Gq-eInwI?authuser=0&hl=en&rclk=1
103,Medicover Hospitals | Best Multi-speciality Hospital in Karimnagar,·,Hospital,040 6833 4455,4.9,"(14,848)",https://www.medicoverhospitals.in/hospitals/telangana/karimnagar/?utm_source=google&utm_medium=organic&utm_campaign=gmb-karimnagar,https://www.google.com/maps/place/Medicover+Hospitals+%7C+Best+Multi-speciality+Hospital+in+Karimnagar/data=!4m7!3m6!1s0x3bccd92170000021:0x226bfdd6d44036be!8m2!3d18.441978!4d79.128878!16s%2Fg%2F11ck8jn0l6!19sChIJIQAAcCHZzDsRvjZA1Nb9ayI?authuser=0&hl=en&rclk=1
104,Woodlands Hospital,·,General hospital,040 2756 9802,4.2,(236),https://www.woodlandshospital.net/,https://www.google.com/maps/place/Woodlands+Hospital/data=!4m7!3m6!1s0x3bcb99c81c86690b:0xd2097940f76d6d12!8m2!3d17.3929529!4d78.4975817!16s%2Fg%2F1wj_rqv5!19sChIJC2mGHMiZyzsREm1t90B5CdI?authuser=0&hl=en&rclk=1
105,Telangana Hospital,·,Hospital,,3.6,(26),,https://www.google.com/maps/place/Telangana+Hospital/data=!4m7!3m6!1s0x3a345926f34b8de5:0x8b021ef30fb0847!8m2!3d17.2520106!4d80.1456119!16s%2Fg%2F11f65g_8v7!19sChIJ5Y1L8yZZNDoRRwj7MO8hsAg?authuser=0&hl=en&rclk=1
106,Vikram Hospital,·,General hospital,090300 00200,2.8,(234),,https://www.google.com/maps/place/Vikram+Hospital/data=!4m7!3m6!1s0x3bcb915c721df5e5:0xc85e12307b6bd31c!8m2!3d17.4407343!4d78.3916705!16s%2Fg%2F1tp_4vn2!19sChIJ5fUdclyRyzsRHNNrezASXsg?authuser=0&hl=en&rclk=1
107,TELANGANA INSTITUTE OF MEDICAL SCIENCES AND RESEARCH - (TIMS),·,Government hospital,040 2956 7606,3.5,(217),,https://www.google.com/maps/place/TELANGANA+INSTITUTE+OF+MEDICAL+SCIENCES+AND+RESEARCH+-+%28TIMS%29/data=!4m7!3m6!1s0x3bcb9322ca7661f5:0xa46eb0d7d56ea6cf!8m2!3d17.4427385!4d78.3437097!16s%2Fg%2F11hfg8bg_3!19sChIJ9WF2yiKTyzsRz6Zu1dewbqQ?authuser=0&hl=en&rclk=1
108,"9M Hospitals - Gachibowli, Hyderabad",·,Hospital,090531 08108,4.5,(92),http://www.9mhospitals.com/,"https://www.google.com/maps/place/9M+Hospitals+-+Gachibowli,+Hyderabad/data=!4m7!3m6!1s0x3bcb95aa8ee2f939:0x1ca5a8d714974ba2!8m2!3d17.4175456!4d78.3633532!16s%2Fg%2F11t_g_7l0v!19sChIJOfnijqqVyzsRokuXFNeopRw?authuser=0&hl=en&rclk=1"
109,ESI Hospital,·,General hospital,1800 11 2526,3.3,(293),https://mchyderabad.esic.gov.in/,https://www.google.com/maps/place/ESI+Hospital/data=!4m7!3m6!1s0x3bcb9be29d8ccb8f:0xf99c8704c23a15b9!8m2!3d17.4316552!4d78.5530848!16s%2Fg%2F1tdqm32l!19sChIJj8uMneKbyzsRuRU6wgSHnPk?authuser=0&hl=en&rclk=1
110,People's Hospital,·,Private hospital,091009 21514,3.2,(459),https://peopleshospital.org/,https://www.google.com/maps/place/People%27s+Hospital/data=!4m7!3m6!1s0x3bcb8e1d3e66eee3:0x73ade3cd2bf0bc33!8m2!3d17.5184629!4d78.3969029!16s%2Fm%2F09ggl79!19sChIJ4-5mPh2OyzsRM7zwK83jrXM?authuser=0&hl=en&rclk=1
111,KIMS Cuddles,·,Maternity Centre,,4.9,"(9,896)",http://kimscuddles.com/,https://www.google.com/maps/place/KIMS+Cuddles/data=!4m7!3m6!1s0x3bcb93bafe1d57a5:0xd627101016a17ac8!8m2!3d17.4660189!4d78.3678641!16s%2Fg%2F11gj5j8mcn!19sChIJpVcd_rqTyzsRyHqhFhAQJ9Y?authuser=0&hl=en&rclk=1
112,Olive Sarvodaya Hospitals,·,Hospital,090103 43434,4.8,(531),http://www.olivesarvodaya.com/,https://www.google.com/maps/place/Olive+Sarvodaya+Hospitals/data=!4m7!3m6!1s0x3bcb976360e69c15:0xeff6f3d7f6c53acf!8m2!3d17.389482!4d78.4527498!16s%2Fg%2F11kbb26thg!19sChIJFZzmYGOXyzsRzzrF9tfz9u8?authuser=0&hl=en&rclk=1
113,ESIC Medical College Hospital,·,General hospital,1800 11 2526,3.3,(399),https://mchyderabad.esic.gov.in/,https://www.google.com/maps/place/ESIC+Medical+College+Hospital/data=!4m7!3m6!1s0x3bcb90dd538b5b7f:0xc4468ecb71f69a7d!8m2!3d17.4485596!4d78.4392955!16s%2Fg%2F119vqbgxz!19sChIJf1uLU92QyzsRfZr2ccuORsQ?authuser=0&hl=en&rclk=1
114,Government Area Hospital,·,Government hospital,,3.4,(391),,https://www.google.com/maps/place/Government+Area+Hospital/data=!4m7!3m6!1s0x3bcb93b3b2a3b859:0x7753996c7a15141c!8m2!3d17.4631175!4d78.3530069!16s%2Fg%2F1yh9vkc0l!19sChIJWbijsrOTyzsRHBQVemyZU3c?authuser=0&hl=en&rclk=1
115,Medicover Hospitals | Best Women & Child Hospital in Hyderabad,·,Hospital,040 6833 4455,4.8,"(3,750)",https://www.medicoverhospitals.in/woman-and-child/?utm_source=google&utm_medium=organic&utm_campaign=gmb-wc-hyderabad,https://www.google.com/maps/place/Medicover+Hospitals+%7C+Best+Women+%26+Child+Hospital+in+Hyderabad/data=!4m7!3m6!1s0x3bcb93de74faf123:0x712a57bc6c7a2aad!8m2!3d17.4551078!4d78.3774541!16s%2Fg%2F11bzt_w453!19sChIJI_H6dN6TyzsRrSp6bLxXKnE?authuser=0&hl=en&rclk=1
116,Leela Hospitals,·,General hospital,040 2383 4241,3.8,(181),,https://www.google.com/maps/place/Leela+Hospitals/data=!4m7!3m6!1s0x3bcb911b89767b6d:0x41cc7e95439bcc05!8m2!3d17.4554021!4d78.4236457!16s%2Fg%2F1tngnq_h!19sChIJbXt2iRuRyzsRBcybQ5V-zEE?authuser=0&hl=en&rclk=1
117,Raja Hospital,·,General hospital,,3.6,(258),,https://www.google.com/maps/place/Raja+Hospital/data=!4m7!3m6!1s0x3bcb90d00a55401f:0xe7aa44a01d1aefe8!8m2!3d17.4366673!4d78.4399558!16s%2Fg%2F11cs2h5yyd!19sChIJH0BVCtCQyzsR6O8aHaBEquc?authuser=0&hl=en&rclk=1
118,Medicover Hospitals | Best Multi-speciality Hospital in Begumpet,·,Hospital,040 6833 4455,4.2,"(2,222)",https://www.medicoverhospitals.in/hospitals/telangana/hyderabad/begumpet/?utm_source=google&utm_medium=organic&utm_campaign=gmb-begumpet,https://www.google.com/maps/place/Medicover+Hospitals+%7C+Best+Multi-speciality+Hospital+in+Begumpet/data=!4m7!3m6!1s0x3bcb90b76206a6df:0x4d79451619bb1943!8m2!3d17.4379479!4d78.4564953!16s%2Fg%2F11c30x5tzd!19sChIJ36YGYreQyzsRQxm7GRZFeU0?authuser=0&hl=en&rclk=1
119,Navodaya hospital,·,Hospital,092980 00019,2.6,(334),,https://www.google.com/maps/place/Navodaya+hospital/data=!4m7!3m6!1s0x3bcb9a101dca5139:0xdf672579b976664b!8m2!3d17.4590995!4d78.5005437!16s%2Fg%2F11bw7344wq!19sChIJOVHKHRCayzsRS2Z2uXklZ98?authuser=0&hl=en&rclk=1
120,Motherhood Hospitals,·,Maternity Centre,079979 91215,4.9,(215),http://motherhoodhospitals.com/,https://www.google.com/maps/place/Motherhood+Hospitals/data=!4m7!3m6!1s0x3bcb9b31538266ed:0x4d39be519c0e4dba!8m2!3d17.4586361!4d78.564592!16s%2Fg%2F11tcmpkzy1!19sChIJ7WaCUzGbyzsRuk0OnFG-OU0?authuser=0&hl=en&rclk=1
121,MGM (DR GMK) MULTI SPECIALITY CLINICS & HOSPITALS,·,General hospital,076969 64647,4.8,(31),http://www.kneereplacementsurgeries.com/,https://www.google.com/maps/place/MGM+%28DR+GMK%29+MULTI+SPECIALITY+CLINICS+%26+HOSPITALS/data=!4m7!3m6!1s0x3bcb97d04ccb5e61:0x49ec8a15b62c6ffb!8m2!3d17.4143354!4d78.4210707!16s%2Fg%2F11ty4sf7rt!19sChIJYV7LTNCXyzsR-28sthWK7Ek?authuser=0&hl=en&rclk=1
